F9ad1,Ⓧ,125587
F9c67,Ⓧ,125587
F9a54,㷓,125587
F98ba,Ⓧ,125587
F9d7a,Ⓧ,125587
Ffbb7,Ⓧ,125587
F95e7,Ⓧ,125587
F8344,Ⓧ,125587
F9aa9,Ⓧ,125587
F96b5,Ⓧ,125587
Ffc69,Ⓧ,125587
Ffba2,繧,125587
F84d5,𢶓,125587
F8eb7,Ⓧ,125587
F96c7,㕰,125587
F825a,Ⓧ,125587
F8e49,Ⓧ,125587
F83ab,Ⓧ,125587
F9b71,Ⓧ,125587
F83dd,Ⓧ,125587
F817a,Ⓧ,125587
Fa060,Ⓧ,125587
F9ccb,Ⓧ,125587
F9de5,Ⓧ,125587
F9eb9,𠸺,125587
F9a5e,Ⓧ,125587
F8450,𤡸,125587
F96b3,鬪,125587
F8fc1,Ⓧ,125587
F90d9,Ⓧ,125587
F9666,Ⓧ,125587
F95b7,Ⓧ,125587
F9e7a,Ⓧ,125587
F9dcd,Ⓧ,125587
Ffbd2,Ⓧ,125587
Ffd68,Ⓧ,125587
F93eb,Ⓧ,125587
F96d6,Ⓧ,125587
F8fed,Ⓧ,125587
F8eec,Ⓧ,125587
F9bce,禼,125587
F9d7c,Ⓧ,125587
F97fe,Ⓧ,125587
Ffe64,Ⓧ,125587
F82ea,Ⓧ,125587
F8fb7,Ⓧ,125587
F8771,𡀂,125587
F86bd,Ⓧ,125587
F8e4a,Ⓧ,125587
Fa068,Ⓧ,125587
F8e57,㩑,125587
F9dd4,Ⓧ,125587
Ffe5f,Ⓧ,125587
F99c0,Ⓧ,125587
F8eec,Ⓧ,125587
F9ea7,Ⓧ,125587
F9ce5,Ⓧ,125587
F99bd,Ⓧ,125587
F8fe0,Ⓧ,125587
Ffd58,Ⓧ,125587
F95cd,Ⓧ,125587
F9da9,Ⓧ,125587
Ffab9,㿺,125587
F8655,𪍣,125587
F96a8,Ⓧ,154532
F95da,Ⓧ,154532
F81a7,Ⓧ,154532
F9867,Ⓧ,908526
F8577,Ⓧ,908526
F82cf,Ⓧ,908526
F9c50,Ⓧ,908526
F91b2,Ⓧ,908526
F985a,Ⓧ,908526
F9cda,Ⓧ,908526
F834a,𠨃,908526
F82c2,𩎦,908526
Ffd41,Ⓧ,908526
F8ec8,Ⓧ,908526
F9dd7,Ⓧ,908526
F9e6c,Ⓧ,908526
F90bb,Ⓧ,908526
F9376,Ⓧ,908526
F9dc9,Ⓧ,908526
F977c,Ⓧ,908526
F82c3,Ⓧ,908526
F8471,𧄔,908526
F9d47,Ⓧ,908526
Fa05c,Ⓧ,908526
F9348,Ⓧ,908526
F94b3,Ⓧ,908526
F925b,Ⓧ,908526
F9870,Ⓧ,908526
F82d7,Ⓧ,908526
F9774,Ⓧ,908526
F9fad,Ⓧ,908526
F8241,𠳀,908526
F847d,Ⓧ,908526
F815d,Ⓧ,908526
F84d2,Ⓧ,908526
F9456,Ⓧ,908526
F8463,𣦻,908526
F95f0,Ⓧ,908526
Ffdc9,Ⓧ,908526
F96b8,Ⓧ,908526
Ffa7e,Ⓧ,908526
F83a3,Ⓧ,908526
F8540,Ⓧ,908526
F82e6,Ⓧ,908526
F854c,Ⓧ,908526
Ffac3,Ⓧ,908526
F856f,Ⓧ,908526
F9073,Ⓧ,908526
F985b,Ⓧ,908526
F82cd,Ⓧ,908526
F9176,Ⓧ,908526
F916f,Ⓧ,908526
F99bb,Ⓧ,908526
F96aa,Ⓧ,908526
F9ae5,Ⓧ,908526
F9beb,Ⓧ,908526
F9eed,Ⓧ,908526
F9c53,𩨗,908526
Fa0e0,Ⓧ,908526
F9872,Ⓧ,908526
F9fa3,Ⓧ,908526
F9cdf,衅,908526
F9bcf,厦,908526
F85dd,Ⓧ,908526
F86da,Ⓧ,908526
Ffe62,Ⓧ,908526
F9657,Ⓧ,908526
F9870,Ⓧ,908526
F8ead,Ⓧ,908526
F81e6,𢾊,908526
F9573,Ⓧ,908526
F985a,Ⓧ,908526
F96ef,Ⓧ,908526
F994f,Ⓧ,982106
F98ec,Ⓧ,982106
F85aa,Ⓧ,982106
Ffba4,Ⓧ,982106
F9fcf,Ⓧ,982106
F96ed,Ⓧ,982106
Ffcc4,Ⓧ,982106
F9bbf,Ⓧ,982106
F9c5a,盖,982106
Fa0a6,Ⓧ,982106
Fa0fe,Ⓧ,982106
F9bb4,Ⓧ,982106
F9ccc,Ⓧ,982106
F86c8,Ⓧ,982106
F926d,Ⓧ,982106
F93d5,𧢍,982106
Ffea9,𢫭,982106
Ffae0,㞎,982106
F9d5a,Ⓧ,982106
F9fcf,Ⓧ,982106
F86d7,Ⓧ,982106
F824b,Ⓧ,982106
F934a,㟂,982106
F9ccc,Ⓧ,982106
F81e8,Ⓧ,982106
Fa051,Ⓧ,982106
F91a2,Ⓧ,982106
F97bd,Ⓧ,982106
F8fab,Ⓧ,982106
F945d,Ⓧ,819641
F9d7b,毺,819641
F8fa9,Ⓧ,819641
F97a8,Ⓧ,819641
F9dd8,Ⓧ,819641
F86c6,Ⓧ,819641
F99a1,Ⓧ,819641
F9153,Ⓧ,819641
F8753,Ⓧ,819641
F9ae8,Ⓧ,819641
F95ee,Ⓧ,819641
F9e70,𢭞,819641
F8e4d,Ⓧ,819641
F99a4,Ⓧ,819641
Ffaa4,Ⓧ,819641
F9f57,Ⓧ,819641
F9a75,Ⓧ,819641
F8147,Ⓧ,819641
F8ed5,忼,819641
F9ad4,Ⓧ,819641
F987c,饢,819641
F966c,Ⓧ,819641
F8567,Ⓧ,819641
Ffce5,Ⓧ,819641
Ffcf9,Ⓧ,819641
F854b,Ⓧ,832406
F82bb,膤,819641
F9ca9,Ⓧ,819641
F99a1,Ⓧ,819641
F91ef,Ⓧ,819641
F93e5,Ⓧ,819641
Ffc6a,Ⓧ,819641
F96cf,Ⓧ,819641
F9979,Ⓧ,819641
F9465,Ⓧ,819641
F99e3,Ⓧ,819641
F82ef,Ⓧ,819641
Ffec6,Ⓧ,819641
F98bd,Ⓧ,819641
F97f4,Ⓧ,819641
F8ee9,Ⓧ,819641
F9661,Ⓧ,819641
F96d3,Ⓧ,819641
F9758,㒓,819641
F9571,Ⓧ,819641
F9641,Ⓧ,819641
F85c1,𩾗,819641
F9b4f,Ⓧ,819641
F96d6,Ⓧ,380733
F83bb,Ⓧ,380733
F9ef7,Ⓧ,380733
F84f8,𠹁,380733
Ffaf8,袄,380733
F9857,Ⓧ,380733
F98c2,Ⓧ,380733
F9dac,Ⓧ,380733
F97dc,Ⓧ,380733
Ffb4c,Ⓧ,380733
F9cf5,Ⓧ,380733
F81a8,Ⓧ,380733
Ffcb8,嘣,380733
F9d5e,𠺧,380733
F9fc7,Ⓧ,380733
F9a7e,Ⓧ,380733
F86ed,𧏙,380733
F90a5,Ⓧ,380733
F9d5f,Ⓧ,380733
F9ef0,Ⓧ,380733
F9e57,萪,380733
F9bc8,Ⓧ,380733
F8fc7,Ⓧ,380733
F9df5,Ⓧ,380733
F9ac2,Ⓧ,380733
F8fc7,Ⓧ,380733
Ffab1,Ⓧ,380733
F9464,Ⓧ,380733
F8159,Ⓧ,380733
F9de6,遥,380733
F84a8,Ⓧ,380733
F93fb,Ⓧ,380733
F85e1,Ⓧ,380733
Ffdaa,Ⓧ,380733
F8368,Ⓧ,380733
F8ed1,Ⓧ,380733
F9669,Ⓧ,380733
Fa0e4,Ⓧ,380733
F9dfb,Ⓧ,380733
F9543,Ⓧ,380733
Ffcf4,Ⓧ,380733
F84ea,䰞,380733
F8e70,Ⓧ,380733
F9aea,Ⓧ,380733
F8fd8,䟿,380733
F9ed5,Ⓧ,380733
F9ce4,Ⓧ,380733
F86ee,𦞨,380733
F90ed,Ⓧ,380733
F9677,Ⓧ,380733
F83a7,𠿑,380733
Fa0dc,踪,380733
F9771,Ⓧ,380733
F944c,Ⓧ,380733
F97f7,Ⓧ,380733
F9c6e,Ⓧ,380733
F97f5,Ⓧ,380733
Ffbd8,Ⓧ,380733
F876d,誵,380733
F99ba,倻,380733
Ffba3,Ⓧ,380733
F97e1,Ⓧ,380733
F97f2,Ⓧ,380733
F9a62,Ⓧ,380733
F9aec,Ⓧ,380733
F9045,Ⓧ,380733
F8e70,Ⓧ,380733
F844b,Ⓧ,380733
Fa0b5,Ⓧ,380733
F9b67,Ⓧ,908526
F9be6,Ⓧ,908526
F8167,Ⓧ,908526
F90ea,Ⓧ,908526
F9ee2,Ⓧ,908526
Ffe63,Ⓧ,908526
Ffcd3,Ⓧ,908526
F935b,Ⓧ,908526
F94cb,Ⓧ,908526
F99ca,Ⓧ,908526
F9457,Ⓧ,908526
Ffcd8,Ⓧ,908526
Ffc44,Ⓧ,908526
F91d7,Ⓧ,908526
F9a6b,Ⓧ,908526
F966b,Ⓧ,908526
F86ac,Ⓧ,908526
F9656,亲,908526
F986f,Ⓧ,908526
F99d5,峧,908526
Ffbb4,Ⓧ,908526
F9ac0,Ⓧ,908526
F85bd,𠊷,908526
F9db1,Ⓧ,908526
F9da3,Ⓧ,908526
F975d,Ⓧ,908526
F96c4,Ⓧ,908526
F9ac4,Ⓧ,908526
Ffaee,Ⓧ,908526
Ffbe6,Ⓧ,908526
F975b,Ⓧ,908526
F99d7,Ⓧ,908526
F816d,Ⓧ,908526
F8744,Ⓧ,908526
F8167,Ⓧ,908526
F91b1,Ⓧ,908526
F85e6,Ⓧ,908526
F9156,Ⓧ,908526
F9fd0,Ⓧ,908526
F91d7,Ⓧ,908526
F9efd,Ⓧ,908526
F9e60,Ⓧ,380733
F90b2,Ⓧ,380733
F8667,㺮,380733
F9ec5,Ⓧ,380733
F9b5b,Ⓧ,380733
Fa0c6,斋,380733
F91e4,Ⓧ,380733
F93a7,Ⓧ,380733
F944e,Ⓧ,380733
F82b0,Ⓧ,380733
F95d8,Ⓧ,380733
F8e69,𢳍,380733
F8fd3,𨂢,380733
F8e63,𢷾,380733
F856c,Ⓧ,380733
F9bcf,厦,908526
F9ad9,Ⓧ,908526
Ffac6,Ⓧ,380733
Ffdea,䌟,380733
F8356,Ⓧ,380733
Ffcd7,Ⓧ,380733
Ffc7c,Ⓧ,380733
Ffd70,Ⓧ,380733
F97b5,Ⓧ,380733
F9e4c,Ⓧ,380733
F81f9,Ⓧ,380733
Ffca2,Ⓧ,380733
F8276,Ⓧ,380733
Ffb71,Ⓧ,380733
F90a7,Ⓧ,380733
F9abf,Ⓧ,380733
F98db,敭,380733
F9952,Ⓧ,380733
F82a6,Ⓧ,380733
F9db9,Ⓧ,380733
F9d48,牕,380733
F85b1,Ⓧ,380733
F9544,Ⓧ,380733
F9ccd,Ⓧ,380733
F9dbe,Ⓧ,380733
F8f76,Ⓧ,380733
Ffdab,Ⓧ,380733
Ffbec,傧,380733
F9b73,Ⓧ,380733
F9c42,Ⓧ,380733
F82aa,Ⓧ,380733
F93d1,Ⓧ,380733
F8fd3,𨂢,380733
F8462,Ⓧ,380733
F84e2,Ⓧ,380733
F8f40,Ⓧ,380733
F9c44,Ⓧ,380733
F9753,Ⓧ,380733
F98b0,Ⓧ,380733
F96e2,Ⓧ,380733
F95a2,Ⓧ,380733
F9dab,Ⓧ,380733
F8f42,𢟨,380733
F86c2,Ⓧ,380733
F9858,Ⓧ,380733
F946f,㑻,380733
F8faf,Ⓧ,380733
F9e49,Ⓧ,173929
F9abb,偬,173929
F9879,Ⓧ,908526
Ffb71,Ⓧ,380733
F9e40,Ⓧ,380733
F9078,Ⓧ,380733
F8773,Ⓧ,380733
F82af,Ⓧ,380733
F9adb,Ⓧ,380733
F96aa,Ⓧ,395925
Ffa49,Ⓧ,395925
F9365,Ⓧ,395925
F86e4,Ⓧ,395925
F8153,Ⓧ,395925
F9ceb,Ⓧ,395925
Ffee5,Ⓧ,395925
F854d,Ⓧ,395925
Ffdea,䌟,908526
F9ba1,瓩,908526
F995d,Ⓧ,908526
F9faf,𧽖,908526
F95c6,Ⓧ,646763
F9b47,Ⓧ,671322
F8748,䭹,908526
Ffd44,㑙,908526
Ffdca,Ⓧ,908526
F9a5d,Ⓧ,908526
F96b3,攑,978922
F8464,Ⓧ,103735
Ffdd6,Ⓧ,103735
F9b43,Ⓧ,103735
F9ee8,强,103735
F82f7,Ⓧ,103735
F8ff5,Ⓧ,103735
F8556,Ⓧ,103735
F97e6,Ⓧ,103735
Ffb79,Ⓧ,103735
F8467,Ⓧ,103735
F84b0,Ⓧ,103735
F90dc,Ⓧ,103735
F91f3,Ⓧ,103735
F9f48,Ⓧ,103735
F9a78,Ⓧ,103735
F91dd,Ⓧ,103735
F96e5,氹,103735
Ffbf3,槟,103735
F94bf,Ⓧ,103735
F9c4b,Ⓧ,103735
F9be1,Ⓧ,103735
F82e7,Ⓧ,103735
F9f48,Ⓧ,103735
F96fe,Ⓧ,103735
F97b3,Ⓧ,103735
F96d5,Ⓧ,103735
F98cc,Ⓧ,103735
F9e75,获,103735
F9e7b,Ⓧ,103735
F9e65,Ⓧ,103735
F8464,Ⓧ,103735
Fa0aa,Ⓧ,103735
F99ad,Ⓧ,103735
Ffb7d,Ⓧ,103735
F8eaf,Ⓧ,103735
F9475,Ⓧ,103735
F8551,Ⓧ,103735
F97e8,Ⓧ,103735
Ffb56,Ⓧ,103735
F8551,Ⓧ,103735
F95e6,Ⓧ,103735
F86f3,Ⓧ,103735
F8f7b,𣯶,103735
F9475,Ⓧ,103735
F9b5c,Ⓧ,103735
F8660,𡿝,103735
F8653,Ⓧ,103735
Ffd6a,Ⓧ,103735
F9dfc,Ⓧ,103735
F8766,Ⓧ,103735
F9679,Ⓧ,103735
F99b5,𤈦,103735
F93ea,㵨,103735
F90a8,Ⓧ,103735
F99f0,Ⓧ,103735
F95b3,Ⓧ,103735
Ffc73,Ⓧ,103735
F9e47,Ⓧ,103735
F8660,𡿝,103735
F9e42,Ⓧ,103735
F94dd,Ⓧ,103735
F8f7b,𣯶,103735
F8766,Ⓧ,103735
F9849,Ⓧ,103735
F91d4,Ⓧ,103735
Fa04c,Ⓧ,103735
F854f,Ⓧ,103735
F8f7b,𣯶,103735
F9779,Ⓧ,103735
F9755,Ⓧ,103735
F9e6f,Ⓧ,103735
F906b,𠜣,103735
F9ddc,Ⓧ,103735
F8653,Ⓧ,103735
F99f4,Ⓧ,103735
F9d4a,Ⓧ,103735
F906d,Ⓧ,103735
F9c76,Ⓧ,103735
F9be2,Ⓧ,103735
F82f6,Ⓧ,103735
F86e5,Ⓧ,103735
Fa0ec,Ⓧ,103735
F8470,Ⓧ,103735
F90a8,Ⓧ,103735
F9978,Ⓧ,103735
F9b5f,Ⓧ,103735
Ffc76,Ⓧ,103735
Ffbbe,Ⓧ,103735
F9db7,Ⓧ,103735
Ffa6e,Ⓧ,103735
F83b9,Ⓧ,103735
F9aa6,Ⓧ,103735
F8546,Ⓧ,103735
F99a7,碱,103735
Ffcfa,𠈊,103735
F9e78,Ⓧ,103735
F9e78,Ⓧ,103735
F95fe,Ⓧ,103735
F9c55,Ⓧ,103735
F9960,Ⓧ,103735
F906d,Ⓧ,103735
F9df8,Ⓧ,103735
F854f,Ⓧ,103735
F9352,Ⓧ,103735
F9d4a,Ⓧ,103735
F8faa,帮,103735
F9e78,Ⓧ,103735
F86c5,Ⓧ,103735
F9373,Ⓧ,103735
F86d9,Ⓧ,103735
Ffc76,Ⓧ,103735
F9acf,Ⓧ,103735
F986c,抐,103735
F84bd,Ⓧ,103735
F97e0,Ⓧ,103735
F9fec,Ⓧ,103735
F97ec,Ⓧ,103735
F8f7b,𣯶,103735
F86bc,𥹜,103735
F86d6,Ⓧ,103735
Ffb4a,Ⓧ,103735
F9ddc,Ⓧ,103735
F936b,Ⓧ,103735
Ffa6f,Ⓧ,103735
F9ea5,Ⓧ,103735
F9f4b,Ⓧ,103735
F9be2,Ⓧ,103735
F9c55,Ⓧ,103735
F86d9,Ⓧ,103735
F95c4,Ⓧ,103735
F935f,Ⓧ,103735
F9750,Ⓧ,103735
F9373,Ⓧ,103735
F9563,Ⓧ,103735
F8547,Ⓧ,103735
F91c7,Ⓧ,103735
F85de,𠻜,103735
F86d5,Ⓧ,103735
F854f,Ⓧ,103735
F844a,Ⓧ,103735
Ffbd7,Ⓧ,103735
Ffee6,Ⓧ,103735
Ffb67,崕,103735
F855a,Ⓧ,103735
F9d43,Ⓧ,103735
F9267,Ⓧ,103735
F9fe1,Ⓧ,103735
F85de,𠻜,103735
F9d43,Ⓧ,103735
F9ee7,Ⓧ,103735
F95f6,Ⓧ,103735
F9a60,Ⓧ,103735
F84bb,Ⓧ,103735
F90b7,Ⓧ,103735
F81fa,𡌩,103735
F90ba,Ⓧ,103735
F9847,樋,103735
F9868,Ⓧ,103735
F9de4,Ⓧ,103735
F82d0,Ⓧ,103735
Fa0eb,Ⓧ,103735
F9a71,Ⓧ,103735
Ffbd4,Ⓧ,103735
F96fa,Ⓧ,103735
F84ba,Ⓧ,103735
Ffc64,Ⓧ,103735
F96b2,Ⓧ,103735
F9ea4,Ⓧ,103735
F9a40,Ⓧ,103735
F9a71,Ⓧ,103735
Ffda7,Ⓧ,103735
Fa0bd,Ⓧ,103735
F98ea,Ⓧ,103735
F9b57,Ⓧ,103735
F81fa,𡌩,103735
Ffb45,岙,103735
F90b5,Ⓧ,103735
F83f3,Ⓧ,103735
F84bb,Ⓧ,103735
Ffee8,Ⓧ,103735
F81a2,搄,103735
F8456,Ⓧ,103735
Ffbd0,Ⓧ,103735
F95f6,Ⓧ,103735
F97d9,Ⓧ,103735
F9a49,Ⓧ,103735
F84bb,Ⓧ,103735
Ffbf2,Ⓧ,103735
F9eda,猹,103735
F81d5,Ⓧ,103735
F9660,Ⓧ,103735
F8ff9,𧓷,103735
F98ad,脲,103735
F9d54,Ⓧ,103735
F8f55,Ⓧ,103735
F9bec,Ⓧ,103735
F85f9,Ⓧ,103735
F9ac6,Ⓧ,103735
F9a49,Ⓧ,103735
F97de,Ⓧ,103735
Ffd7e,Ⓧ,103735
F90aa,Ⓧ,103735
F81c4,㯶,103735
Fa0bd,Ⓧ,103735
F94e5,Ⓧ,103735
Ffa4e,Ⓧ,103735
F82d1,攱,103735
F9e50,Ⓧ,103735
F9de4,Ⓧ,103735
F8eee,Ⓧ,103735
Ffc64,Ⓧ,103735
F81a6,Ⓧ,103735
Fa0df,Ⓧ,103735
Ffd4a,䔛,103735
F8142,Ⓧ,103735
F9a67,Ⓧ,103735
Ffde4,Ⓧ,103735
F82a3,Ⓧ,103735
F84ed,Ⓧ,103735
F9da8,Ⓧ,103735
F85e9,廏,103735
F9a70,Ⓧ,103735
F9c40,Ⓧ,103735
F9cf7,Ⓧ,103735
F95c9,Ⓧ,103735
F8745,Ⓧ,103735
F9edf,Ⓧ,103735
F90e6,鐦,103735
F81b7,Ⓧ,103735
F99bc,Ⓧ,103735
F8745,Ⓧ,103735
F9dca,Ⓧ,103735
F99a9,Ⓧ,103735
F9566,Ⓧ,103735
Fa0c8,Ⓧ,103735
F957d,Ⓧ,103735
Fa0b6,Ⓧ,103735
F9fb1,Ⓧ,103735
Fa0cd,Ⓧ,103735
Ffa4e,Ⓧ,103735
F9648,Ⓧ,103735
F98d2,Ⓧ,103735
F95c1,Ⓧ,103735
F82db,Ⓧ,103735
F98d9,Ⓧ,103735
F9ac6,Ⓧ,103735
F81b7,Ⓧ,103735
Ffd55,Ⓧ,103735
F866c,㒿,103735
F8f4a,Ⓧ,103735
F97de,Ⓧ,103735
F9deb,Ⓧ,103735
F8fd6,Ⓧ,103735
F9253,Ⓧ,103735
F93d5,𧢍,908526
Ffbbc,Ⓧ,103735
Ffd55,Ⓧ,103735
F97ef,Ⓧ,908526
F91e1,Ⓧ,103735
Ffda3,Ⓧ,103735
Ffb70,Ⓧ,908526
F9773,嘡,908526
F82db,Ⓧ,103735
F99a3,Ⓧ,908526
Ffd7e,Ⓧ,103735
F9dca,Ⓧ,103735
F9953,Ⓧ,908526
F8e51,Ⓧ,103735
F9662,Ⓧ,103735
F9e6b,墸,656746
F9e55,Ⓧ,103735
F9662,Ⓧ,103735
Fa0d4,Ⓧ,103735
F91e1,Ⓧ,103735
F9c77,Ⓧ,103735
F95fd,Ⓧ,103735
F9df2,Ⓧ,103735
F81a6,Ⓧ,103735
F9cf7,Ⓧ,103735
F946b,Ⓧ,103735
F9e50,Ⓧ,103735
F9d7e,袴,656746
Ffa54,Ⓧ,103735
F9cea,Ⓧ,103735
F98a5,拟,103735
F99b4,Ⓧ,908526
F86c1,Ⓧ,103735
F99c5,Ⓧ,908526
Ffcde,Ⓧ,103735
F9ac6,Ⓧ,103735
F81fb,Ⓧ,908526
F9df2,Ⓧ,103735
F8348,Ⓧ,103735
Ffd63,𠋱,908526
F8656,Ⓧ,103735
F8e76,Ⓧ,908526
Ffcde,㽵,656746
F97ef,Ⓧ,908526
F9df2,Ⓧ,908526
Ffbef,髌,908526
Ffb41,Ⓧ,908526
Fa0d1,蚁,103735
F8656,Ⓧ,908526
F8e6e,Ⓧ,908526
F9869,Ⓧ,908526
Ffbbc,Ⓧ,908526
F8f5f,Ⓧ,908526
F97ef,Ⓧ,908526
Ffcca,Ⓧ,908526
F9869,Ⓧ,908526
F8656,Ⓧ,908526
F96f4,蠭,103735
F8376,霕,656746
F81fb,Ⓧ,103735
Ffeb2,Ⓧ,103735
Ffd72,𨅔,656746
F96f4,Ⓧ,103735
Ffcec,Ⓧ,103735
F866c,㒿,656746
F96f4,Ⓧ,103735
F866d,㹈,656746
F84a7,Ⓧ,103735
F9e51,Ⓧ,103735
F95d5,Ⓧ,103735
F946e,Ⓧ,103735
F9269,䅿,656746
Ffbef,髌,103735
Ffbf0,Ⓧ,103735
F9662,Ⓧ,908526
F94f3,Ⓧ,103735
Ffb41,Ⓧ,908526
Ffeb2,Ⓧ,103735
Ffcec,Ⓧ,103735
F9471,Ⓧ,103735
Ffb64,Ⓧ,908526
F95d5,Ⓧ,103735
Ffd62,Ⓧ,103735
F82d1,攱,656746
F97ad,Ⓧ,103735
F9e51,Ⓧ,103735
Ffd72,Ⓧ,103735
F9eef,Ⓧ,103735
F9a67,㙷,656746
F86be,𦪧,103735
F9e55,孆,656746
F97ad,Ⓧ,103735
Ffcec,Ⓧ,103735
F946e,Ⓧ,103735
F9a4a,Ⓧ,103735
F81fb,Ⓧ,103735
Ffbef,髌,103735
F95d5,Ⓧ,103735
F96e9,𥉜,656746
Ffbef,髌,103735
F81b7,䏾,656746
Ffb64,Ⓧ,103735
F9269,Ⓧ,103735
Ffcca,Ⓧ,103735
F97d4,Ⓧ,103735
F9f55,Ⓧ,103735
F96e9,Ⓧ,656746
Ffbef,髌,103735
F85ac,𠍹,103735
F99c5,Ⓧ,103735
F8376,Ⓧ,103735
Ffeb2,Ⓧ,103735
F8fc3,Ⓧ,103735
F8fc3,Ⓧ,103735
F95d5,Ⓧ,103735
F97d4,Ⓧ,103735
F9ed0,Ⓧ,103735
F8656,Ⓧ,103735
F92a1,Ⓧ,103735
Ffcca,Ⓧ,103735
F9e51,Ⓧ,103735
F8253,Ⓧ,103735
Ffb43,Ⓧ,103735
Ffadf,Ⓧ,103735
Ffcca,Ⓧ,103735
F8656,Ⓧ,103735
F946e,Ⓧ,103735
F8f5f,Ⓧ,103735
Ffd63,𠋱,103735
F92a1,Ⓧ,103735
F94f3,Ⓧ,103735
F9471,Ⓧ,103735
F9c74,Ⓧ,103735
F82c4,Ⓧ,103735
Ffd63,𠋱,103735
F9b55,Ⓧ,908526
Ffd72,Ⓧ,103735
F97d0,Ⓧ,103735
Ffeb2,Ⓧ,103735
F9444,Ⓧ,103735
F96f4,Ⓧ,103735
F855e,Ⓧ,103735
F86c7,Ⓧ,103735
F82d4,Ⓧ,103735
Ffb41,Ⓧ,103735
Ffea7,Ⓧ,103735
F946e,Ⓧ,103735
Ffbf0,Ⓧ,103735
F84b8,Ⓧ,103735
F92a1,Ⓧ,103735
F97ad,Ⓧ,103735
F91a2,Ⓧ,103735
F84b8,Ⓧ,103735
F8fc9,Ⓧ,103735
F936d,Ⓧ,103735
F84b8,Ⓧ,103735
F825e,Ⓧ,103735
Ffea7,Ⓧ,103735
F96c6,Ⓧ,103735
F8fc9,Ⓧ,103735
F8fc9,Ⓧ,103735
Fa053,Ⓧ,103735
Ffb6b,Ⓧ,103735
F96c6,Ⓧ,103735
F9ff5,Ⓧ,103735
F9ff5,Ⓧ,103735
F825e,Ⓧ,103735
F84b8,Ⓧ,103735
Ffb6b,Ⓧ,103735
Ffaf1,Ⓧ,103735
F9ff5,Ⓧ,103735
Ffaa2,Ⓧ,103735
F964b,Ⓧ,103735
F825e,Ⓧ,103735
Fa053,Ⓧ,103735
F8fc9,Ⓧ,103735
F825e,Ⓧ,103735
F9ff5,Ⓧ,103735
Ffaa2,Ⓧ,103735
F825e,Ⓧ,103735
F936d,Ⓧ,103735
Fa053,Ⓧ,103735
F964b,Ⓧ,103735
Ffb6b,Ⓧ,103735
F9a4b,Ⓧ,103735
Ffd40,Ⓧ,103735
F9a4b,Ⓧ,103735
F94c1,Ⓧ,103735
Ffaa2,Ⓧ,103735
Ffaa2,Ⓧ,103735
F94b6,𠵔,103735
Ffaa2,Ⓧ,103735
F9a4b,Ⓧ,103735
Ffaa2,Ⓧ,103735
F9a4b,Ⓧ,103735
F94c1,Ⓧ,103735
F94b6,𠵔,103735
F9ecd,Ⓧ,103735
Ffaf1,Ⓧ,103735
F8244,𥓘,103735
Ffaa2,Ⓧ,103735
F9ecd,Ⓧ,103735
F94c1,Ⓧ,103735
F9a4b,Ⓧ,103735
F9a4b,Ⓧ,103735
Ffaf1,Ⓧ,103735
F94c1,Ⓧ,103735
F9a4b,Ⓧ,103735
F964b,Ⓧ,103735
F964b,Ⓧ,103735
F94c1,Ⓧ,103735
F8244,𥓘,103735
F9ecd,Ⓧ,103735
F9a4b,Ⓧ,103735
F94b6,𠵔,103735
F9ecd,Ⓧ,103735
F9c57,Ⓧ,103735
F8244,𥓘,103735
F94b6,𠵔,103735
F9ecd,Ⓧ,103735
Ffaf1,Ⓧ,103735
F9a4b,Ⓧ,103735
F9ecd,Ⓧ,103735
F9c57,Ⓧ,103735
F964b,Ⓧ,103735
F94b6,𠵔,103735
F94b6,𠵔,103735
F9ad9,Ⓧ,103735
F8244,𥓘,103735
F9c57,Ⓧ,103735
F9c57,Ⓧ,103735
F8244,𥓘,103735
F9c57,Ⓧ,103735
F9c57,Ⓧ,103735
F9c57,Ⓧ,103735
F8244,𥓘,103735
F9c57,Ⓧ,103735
F9c57,Ⓧ,103735
F9ecd,Ⓧ,103735
F9ecd,Ⓧ,103735
F8244,𥓘,103735
F9ecd,Ⓧ,103735
F9c57,Ⓧ,103735
F9ecd,Ⓧ,103735
F9c57,Ⓧ,103735
F8244,𥓘,103735
F8244,𥓘,103735
F9ecd,Ⓧ,103735
Ffe6a,Ⓧ,103735
F86cb,Ⓧ,103735
F95f9,Ⓧ,103735
F9648,Ⓧ,819641
F9868,Ⓧ,819641
F85de,𠻜,819641
F8ff5,Ⓧ,819641
F90f0,䆡,173929
F8578,砹,908526
F9269,Ⓧ,908526
F9ed9,Ⓧ,908526
F955c,𣸄,908526
F82c2,𩎦,908526
F81fa,𡌩,908526
F8471,𧄔,921299
F8748,䭹,921299
Ffca1,Ⓧ,921299
F996e,𪊲,921299
F91e3,㝃,671322
F9b6a,葜,380733
Ffea3,拁,380733
F90fd,穽,380733
F8ff1,𧔣,380733
F9fac,䃺,380733
F8774,㠊,380733
F9fbf,Ⓧ,380733
F93ec,𣭀,380733
F8fdf,蹆,380733
F90cd,猫,380733
F94e3,咅,380733
F9f52,敫,380733
F9a55,娬,380733
F98f8,竚,380733
F85d9,噋,380733
F84b3,粆,380733
Ffdd2,䊵,380733
F9757,溚,380733
F8672,駵,380733
F9afb,𩜞,380733
F9547,䬫,380733
Ffd65,𠌮,380733
F93db,韠,380733
F83fe,𦅗,380733
F9068,磇,380733
F9bf9,鐝,380733
F9fc0,鴼,380733
F9f67,崡,380733
Fa077,䜈,380733
F9d63,獋,380733
F8fc4,𧿹,380733
F9dd2,葘,380733
F85cd,𣢥,380733
F8e43,摤,380733
F9377,䨣,380733
F9bc6,膎,380733
F9b70,拞,380733
F94fe,𡍨,380733
F95c5,䭕,380733
F9ca6,鱥,380733
F85f3,䊞,380733
F94e8,䚑,380733
F8ec6,襀,380733
Ffef6,𢲷,380733
F9c63,詪,380733
F987b,婹,380733
F95c8,勪,380733
F94f1,𨃚,380733
F81b6,鬉,380733
F8fa6,𥢊,380733
Ffdb2,鮻,380733
Ffcdf,麅,380733
Ffed2,𢱉,380733
F9c78,袿,380733
F8eb3,袊,380733
F9d6d,摢,380733
Ffb7a,𢯩,380733
F9d6a,倐,380733
F84f1,哯,380733
F9cde,㽐,380733
F96f1,敠,380733
Ffe66,籄,380733
F82fd,嶤,380733
F83e2,潜,380733
F81e1,𤶡,380733
F99d9,𣗺,380733
F925a,葤,380733
F9167,𩠾,380733
F8e+46,Ⓧ,380733
F9d7d,䚆,380733
F8275,𨑊,380733
F9146,頱,380733
F9aba,騌,380733
F8176,䋾,380733
F9b70,拞,380733
F93f0,𢬵,380733
Fa072,猬,380733
F9fc5,贑,380733
F905b,𨆱,380733
F93d6,獱,380733
F9c62,㬵,380733
F83b5,㠶,380733
F95c8,勪,380733
F82b9,𧭜,380733
F9ebc,䫄,380733
F98cf,餎,380733
F9448,堘,380733
Ffca4,䳵,380733
F8fa5,䶌,380733
F94a3,廍,380733
Ffef0,㨡,380733
F835a,𣤢,380733
Ffaf3,𠸢,380733
F85a7,䱅,380733
F9058,䗵,380733
Fa0bc,厰,380733
F91fb,耱,380733
F9b4a,沢,380733
F905b,𨆱,380733
Ffe40,筕,380733
Ffde5,䋾,380733
F9eee,㖅,380733
F97aa,䛢,380733
F8fe1,鬉,380733
F997e,𤷖,380733
F84be,𪘑,380733
F97fa,勅,380733
F8eb5,煑,380733
F99f6,𤺅,380733
F82a7,㡘,380733
F9ae2,㘥,380733
Ffcfc,㑋,380733
F8fad,矟,380733
F83b8,㕫,380733
F94ad,䭰,380733
F96c8,𡱰,380733
F97e2,䜍,380733
F86ab,㽟,380733
F9c62,㬵,380733
F96a2,蛼,380733
F9859,駞,380733
F95c5,䭕,380733
F85d7,䟾,380733
F91a7,駊,380733
Ffcb0,掕,380733
F83cd,㿎,380733
Ffafd,瞘,380733
F824d,塠,380733
F83fb,㣬,380733
Ffcc1,姕,380733
F81ae,䅛,380733
F97c0,䐄,380733
F9c6b,㹴,380733
F8ea3,䝻,380733
Ffbb9,稩,872106
Fa048,蘐,380733
F91bd,苘,380733
F984a,莄,380733
F85cd,𣢥,380733
F96e0,銱,380733
F94d1,𨉸,380733
F85d8,䞵,380733
F9f78,覰,380733
F834d,𤲍,380733
Ffd61,傓,380733
F96c2,𦡁,380733
F876a,矦,380733
Ffef0,㨡,380733
F94d8,䭯,380733
F8560,䯧,380733
F84db,𠯋,380733
F95ec,皀,380733
F8f66,稭,380733
F984d,𢈉,380733
F9fb6,獕,380733
F9379,㒒,380733
F81e1,𤶡,380733
F8247,𣛟,380733
F907a,䍉,380733
Ffcae,䘥,380733
F9a45,劵,380733
F99e9,尲,380733
Fa0a3,𣣶,380733
F9454,芪,380733
F93a5,㟽,380733
F8359,𣁳,380733
F8448,鍟,380733
F8560,䯧,380733
F8644,𦍒,380733
Ffda5,㒤,380733
F924b,瑇,380733
Ffeac,𢫫,380733
F8247,𣛟,380733
F84e1,𩈏,380733
F946d,䓮,380733
F9c73,鼔,380733
Ffbb9,稩,380733
F81f4,㼠,380733
F9aa1,䩯,380733
F9cfb,冲,380733
Ffb5a,揞,380733
F9bfe,㖠,380733
Ffce1,朥,380733
Ffafa,碍,380733
F8e74,㩳,380733
F9448,堘,380733
Ffb4d,癀,380733
F90f8,衇,380733
F93dc,𤿎,380733
Ffba1,畊,380733
Ffae4,𤷍,380733
F935d,𥩙,380733
F9aa1,䩯,380733
F9a46,麕,380733
F8f45,𢜫,380733
F9ddd,灧,380733
F995e,瑠,380733
F9aba,騌,380733
Ffa79,㔊,380733
F8e65,攂,380733
F83d7,㬹,380733
F9166,𤷄,380733
Ffaf3,𠸢,380733
F81d1,㼿,380733
F91b0,𥯟,380733
F9fa2,熃,380733
F98a8,揑,380733
F91fb,耱,380733
F9ef1,ㄅ,380733
F975f,ㄅ,380733
F85b7,ㄑ,380733
F9f42,㛛,380733
Ffe45,𥭖,380733
F936a,㕮,380733
F8fa6,𥢊,380733
F9ae1,齅,380733
F824e,𪎶,380733
F93e4,眪,380733
Ffebd,捦,380733
F94d8,䭯,380733
F98b8,埝,380733
F8372,㐄,380733
F81e1,𤶡,380733
Ffae4,𤷍,380733
F9cf8,𠞩,380733
Fa061,薓,380733
F9142,頕,380733
Fa0e2,㼜,380733
F9ab5,罇,380733
F9d76,啇,380733
F99ee,稉,380733
Fa0f3,絸,380733
F90f1,䆲,380733
F84de,呝,380733
F9647,玘,380733
F9c66,罁,380733
F9f49,簵,380733
F94b8,𣢋,380733
F9aba,騌,380733
F86b4,㤻,380733
F9975,恡,380733
F9d75,橽,380733
F8eb3,袊,380733
F9b72,巵,380733
Ffc74,啙,380733
Ffb60,𣻸,380733
Ffdf0,䌰,380733
F86a8,霛,380733
F9f5d,䘕,380733
F9561,碸,380733
F81dc,㨄,380733
Ffbea,瑸,380733
F8e45,𢳆,380733
F84e1,𩈏,380733
F9c4e,錷,380733
F9300,Ⓧ,380733
F9dc7,蘂,380733
Ffa58,捒,380733
F8f56,㦟,380733
Ffeaa,㧤,380733
F83a1,嚛,380733
Ffcbd,㧍,380733
F8762,㛨,380733
F8759,㓤,380733
F9ee9,艢,380733
F9b4a,沢,380733
Ffc42,𢭞,380733
F9df3,偒,380733
F8148,䊴,380733
F8ef2,惧,380733
F9aab,垍,380733
F82e9,𩚲,380733
F9f78,覰,380733
F9baa,噏,380733
Fa040,叙,380733
F8e4c,撨,380733
F9249,媠,380733
F9749,𤉙,380733
F82a7,㡘,380733
F83b3,峯,380733
F9e43,𧬪,380733
F8fe1,鬉,380733
F9242,猸,380733
F82a7,㡘,380733
F9bb7,戯,380733
F9ede,㚄,380733
Ffa6a,𣸉,380733
F906a,𦘹,380733
Ffedc,㨎,380733
F9553,㧺,380733
F81c1,讇,380733
Ffe7c,㧓,380733
Fa0f3,絸,380733
F90e3,㖵,380733
F814a,沯,380733
F9f78,覰,380733
Ffd7a,儞,380733
Ffee0,𢰍,380733
F9abd,揔,380733
F86e1,𢱫,380733
F977a,鴡,380733
F9a6e,塃,380733
Ffd5c,傉,380733
F9fbe,㝈,380733
F8fca,Ⓧ,380733
F834f,篐,380733
F95f8,䁲,380733
F9f44,蓡,380733
Ffc62,嘑,380733
F90d7,峁,380733
F9300,Ⓧ,380733
F9b58,𧋏,380733
F8e47,𢳍,380733
F86ba,㥟,380733
F9ffa,睃,380733
F9b6d,娎,380733
F98c4,耥,380733
F9158,痃,380733
F9359,澁,380733
F8279,𦗳,380733
F857d,㾈,380733
F934d,坟,380733
F9c7b,餜,380733
F9fa5,䜑,380733
F8563,臶,380733
F91a5,咟,380733
F9553,㧺,380733
Ffed8,𢯮,380733
F9951,輢,380733
F83a8,㺖,380733
F9ed8,𥂖,380733
F86f2,𡹪,908526
F925f,噍,380733
Fa0a7,骺,908526
F835e,𡻚,380733
F8170,㾍,908526
Ffc5c,椀,380733
F9da5,䧹,908526
Ffeed,㨞,908526
F91f9,𣑫,380733
F91ed,䯡,380733
Ffb76,鐧,380733
F84f3,肟,380733
F9ab7,椶,380733
F984f,𡢃,380733
F81a5,㨤,380733
F81b8,㝞,380733
Ffad1,飰,380733
F85a2,𦨚,380733
F945e,𤽉,380733
F9feb,塩,380733
F8570,竢,380733
Ffd56,俰,380733
F9fed,㶑,380733
F9260,䩌,380733
F8357,𠪚,380733
F94d4,燌,380733
F91d3,鼟,380733
F9065,埪,380733
F9973,禀,380733
F8140,䭑,380733
F98ac,嫐,380733
Fa058,貇,380733
F8353,焅,380733
F8f62,鑔,380733
Ffae7,𢻷,380733
Ffcac,𤶃,380733
F9b56,噻,380733
F9977,粮,380733
Fa0d7,䒞,380733
F9da4,鍈,380733
F845f,𡓦,380733
Ffdad,黢,380733
Fa06e,鼃,380733
F875f,㹤,380733
Ffbf5,抦,380733
F9aa4,煅,380733
Ffc5d,𨀤,380733
Ffa70,𤶃,380733
Ffce8,𠆵,380733
F85ce,瘬,380733
F9cd6,决,380733
F94f6,䩂,380733
Fa0cc,鱯,380733
Ffa64,𩽆,380733
F925c,儖,380733
F95a3,鋴,380733
Fa04b,塐,380733
F8ebe,裪,380733
Fa0f0,𠈰,380733
Ffddc,綗,380733
F8349,𤬦,380733
Ffbc5,𠞟,380733
Ffacd,逫,380733
F86a7,𠠢,380733
F8772,豿,380733
Ffb5c,㧎,380733
F8351,𩊓,380733
F9351,壠,380733
Ffdf2,籰,380733
F9c52,咹,380733
F99ea,樫,380733
F927a,㝥,380733
Ffed6,臖,380733
F98c1,㬉,380733
F8fe3,䠡,380733
Ffdde,綉,380733
F9452,𣥼,380733
F9fea,翺,380733
F84f6,埦,380733
F92a4,緍,380733
F99e5,桕,380733
F90d1,𨱵,380733
F8162,崬,380733
F8747,䒢,380733
F90ec,珐,380733
F9fae,帵,380733
F8747,䒢,380733
F926a,䥈,380733
F924f,麯,380733
F8eaa,𧶴,380733
F84cb,䯝,380733
Ffdfc,𥬬,380733
F8f65,䥯,380733
F9bd7,Ⓧ,380733
F9d78,㕶,380733
Ffcbc,𩏠,380733
F8466,宱,380733
Ffafc,䟜,380733
F83a4,𢫩,380733
Ffbe8,稾,380733
Ffda4,𠐼,380733
F8ffd,𧉟,380733
Ffcfb,𠣫,380733
F8f46,慙,380733
F90c1,𩨑,380733
F97dd,逷,380733
F9273,𤭁,380733
F91f9,𣑫,380733
F99da,𥀹,380733
F96c0,㩐,380733
Ffded,繮,380733
F99cf,鏥,380733
F9d6c,Ⓧ,380733
F9778,䟻,380733
F914f,䫥,380733
F835f,𣔳,380733
Ffe57,𥰝,380733
F86ea,𧮈,380733
F8e5a,㩕,380733
F97c7,頢,380733
Ffd66,𠌱,380733
F9bf7,䐁,380733
F92a2,麪,380733
Ffadc,揬,380733
F8178,詥,380733
F9cf0,𣽤,380733
F95e3,叚,380733
F9adf,𦜓,380733
F9560,蠭,380733
F8f6e,瓈,380733
F96bc,塩,380733
F90eb,鍅,380733
F9cd7,劤,380733
F84ef,様,380733
F82fc,嘊,380733
Ffedd,烀,380733
F9cc5,鞟,380733
F9c5f,㗅,380733
F9971,㨴,380733
F84cb,䯝,380733
Ffcc9,謭,380733
F974b,倲,380733
F874e,𠲺,380733
F8fe5,蹨,380733
F90a2,菐,380733
Ffbd1,䪴,380733
F9f4c,逈,380733
F8f7d,鉳,380733
F9bd7,粙,380733
F994b,挒,380733
F9151,顦,380733
F9fa8,韤,380733
F98e7,䤝,380733
Ffe73,㧌,380733
F9c69,𠶬,380733
Ffefc,𢲵,380733
F96a3,趇,380733
Ffca7,砛,380733
Ffba9,邨,380733
Ffbf6,𢶀,380733
F9141,臁,380733
F9eba,韂,380733
F8f73,栢,380733
F9555,𠆶,380733
F90b8,獁,380733
F827d,㘃,380733
F994c,𣶉,380733
F8272,𩅠,380733
Ffadc,揬,380733
Ffad5,俹,380733
F8ebd,㾻,380733
F9452,𣥼,380733
F9baf,臈,380733
F834e,𣐝,380733
F8e56,㩙,380733
F9fa6,䉑,380733
F936c,蔢,380733
F95e4,䅗,380733
F99b1,咴,380733
F8661,𡷟,380733
F8761,赾,380733
F8179,橜,380733
F82b6,𠟄,380733
F8755,嵻,380733
F81d2,𠭴,380733
F8eb1,䞋,380733
F94d0,㵒,380733
F9be9,䤼,380733
F84dd,譮,380733
Ffb77,悞,380733
F9159,疨,380733
F9f4e,㮭,380733
F85bf,痮,380733
F9147,頳,380733
F9a7c,姫,380733
F9f7c,䬜,380733
F9eca,䬷,908526
F84af,Ⓧ,908526
F8ea6,𧶟,908526
F91d5,犏,908526
F81aa,𦽅,908526
Ffde6,䋺,908526
F9dd9,擪,908526
F97d6,鮷,908526
F8eea,悋,908526
Ffccc,幈,908526
Ffd45,𠈭,908526
F85e3,崐,908526
F99b6,頮,908526
F99be,Ⓧ,908526
F94e1,㖴,908526
F96dc,埾,908526
F99cb,㛃,908526
F94cd,㑟,908526
F9775,耥,908526
F9ec7,柹,908526
F9fe4,擕,908526
F9976,圝,908526
F9976,圝,908526
F876f,倄,908526
F95ba,嚿,908526
Ffee1,揦,908526
F98b5,䗶,908526
F9c5d,𥊬,908526
F93a6,𤳦,908526
F9177,𤻙,908526
F84c2,𠳼,908526
F85bb,𠌬,908526
F817d,㟅,908526
F95d7,毱,908526
F83aa,嬜,908526
F8fa2,鞲,908526
F83b6,𦕷,908526
Ffd74,㒃,908526
F9c5b,够,908526
F90e5,𩑾,908526
F874b,䒜,908526
Ffcbe,䭁,908526
Ffdba,鰕,908526
F81af,㔆,908526
F90de,蟎,908526
F9f77,矒,908526
F97e4,覥,908526
F8fc2,𧿳,908526
Fa0e7,嚈,908526
F9cb2,躳,908526
F9b7d,𠠃,908526
F91cb,䨦,908526
F91f0,癶,908526
Fa04f,遀,908526
F90c3,㾤,908526
F83f5,濪,908526
F83f9,Ⓧ,908526
F94c2,嚊,908526
F9e5f,䕢,908526
F8fe7,𨅔,908526
F83de,𦔎,908526
Fa06d,娿,908526
F9b5a,Ⓧ,908526
F9cb5,䩆,908526
F9fd5,刧,908526
F9bf1,槖,908526
F84e9,礢,908526
Ffb62,鬏,908526
F8355,槪,908526
F904e,䗁,908526
Ffad2,挵,908526
F9a7a,榘,908526
F84b9,𢄌,908526
Ffdda,絚,908526
F96eb,㿈,908526
Ffeea,搇,908526
F9a72,愰,908526
F9cc6,譌,908526
F9bfa,运,908526
F9ac3,辤,908526
Ffee2,𢳥,278794
F9bbc,＿,378074
Ffb6e,榲,908526
F97ed,吢,908526
F826a,𠠍,908526
F824c,夵,908526
F8262,𥉾,908526
F82e5,𣪘,908526
F8269,邌,908526
F95bd,哋,908526
F8648,㒟,908526
F91f1,Ⓧ,908526
F81d7,㓾,908526
F866b,䄜,908526
Ffbaa,𠺕,908526
F99c9,堦,908526
F92a6,惽,908526
Ffbc0,㾪,908526
F94c5,𩩍,908526
F8fce,䟾,908526
Ffbc4,剾,908526
F9061,髩,908526
F8fcc,䟹,908526
F8eda,㤓,908526
F9fe9,䉶,908526
Ffc40,稳,908526
F846f,賍,908526
F98d5,軇,908526
F8fba,粃,908526
F95fa,巗,908526
F85fe,𠴾,908526
F8ec3,䙅,908526
F8eb8,袵,908526
Ffdcc,𩽆,908526
F97c4,𠲵,908526
F85c4,䄪,908526
Ffef9,穅,908526
F9ff7,敂,908526
F9743,塅,313859
Ffbd9,鐾,313859
F937d,𠱀,313859
F8469,糭,313859
F8ec5,叕,313859
F85ed,侙,313859
Ffef1,搙,313859
F8fe8,𨅔,313859
F9c56,䑦,313859
F98b4,槺,313859
Ffdb7,鯻,313859
Ffdcd,䞽,313859
F84d1,𠰲,313859
F94f5,𦨎,313859
F90e1,𪐞,313859
F8ff0,嗻,313859
F83ec,㘍,313859
Ffc71,鮊,313859
F85b6,譡,128375
F865a,哰,908526
Fa0d6,廵,908526
F9967,飱,908526
F82fb,讛,908526
F8efa,愡,128375
F98d4,䋈,128375
F85f1,墖,128375
Ffea8,㧡,128375
F93d8,缻,128375
F95ca,㷀,128375
F9edc,㧦,128375
F8fdb,𨄌,128375
F8374,䞨,128375
F8fae,杛,128375
F8e48,撆,128375
Ffbd3,Ⓧ,128375
F94f7,熑,128375
F91dc,𥕱,128375
F8f6d,骬,128375
F99c2,䛟,128375
Ffc70,揞,128375
Ffb57,𤌯,128375
F93d3,𣸇,128375
Ffc70,揞,128375
F9965,螥,128375
F98f9,㹂,128375
F8251,𪑒,128375
F9c7e,瓌,128375
F91dc,𥕱,128375
F81e5,𧯫,128375
F9f75,䂫,128375
F8758,𠹭,128375
F914d,𩔞,128375
F8564,橺,128375
F86bb,觧,128375
F8e6b,𢸭,128375
F955d,鱏,128375
F815f,䵷,128375
F9f51,脚,128375
F9bd4,効,128375
F8564,橺,128375
F8fae,杛,128375
F83ac,𦡶,128375
F8258,𤖝,128375
F9069,𠗻,128375
F8ec7,褿,128375
F8fae,杛,128375
Ffdf4,𥫱,128375
F83f6,𩇝,128375
F9d72,䢦,128375
F9ac7,葓,128375
Ffeb4,挰,128375
F9e6e,㧉,128375
F9da2,䬬,128375
F81a4,𥒳,128375
Ffc59,盌,128375
F9769,鍮,313859
F8e71,𢹔,128375
F84ce,㳬,128375
F86e6,刼,128375
F9fb8,骩,128375
F8145,㛺,128375
F9bd9,䊹,128375
F9de2,婣,128375
Ffd4b,㑝,128375
F86b1,乱,128375
F85d6,涰,128375
F9473,䀣,128375
F9ad8,閧,128375
F844c,𥍆,128375
F8ebb,劚,128375
F86e6,刼,128375
Ffaf0,㩵,128375
Ffeab,㧥,128375
F965d,Ⓧ,128375
F8fa3,偹,128375
Ffd6c,𠍲,128375
F86f0,粠,128375
Ffc5b,䖒,128375
F846c,𥠡,128375
F9479,梚,128375
F9ad8,閧,128375
F86f0,粠,128375
F9fb8,骩,128375
F976b,䎦,128375
F9abc,厠,128375
F99a8,鑥,128375
F81b2,䜻,128375
F9daa,䊆,128375
F8650,憦,128375
F997c,蝄,128375
F86eb,䙭,128375
F9cb4,咔,458948
F86a4,㬡,128375
Ffacf,䫀,128375
F84c4,朞,458948
F827b,樚,128375
F9071,噽,128375
F84c4,朞,458948
F9fd3,戞,128375
F84b2,𡛝,458948
F84b2,𡛝,458948
Fa06b,Ⓧ,128375
F84b2,𡛝,458948
F84c4,朞,458948
Ffac9,个,458948
F9c68,筻,808751
F9ee0,穉,719200
F9bac,酰,719200
Ffe65,𥷒,719200
F9162,㾜,719200
F9dfa,桰,719200
F85d3,僜,719200
F85d5,𦖋,719200
F8741,磆,719200
F97a5,䵚,719200
F9055,螕,719200
F8ea8,𧶱,719200
F867a,𩉅,719200
F83f0,𡎳,719200
F97cc,䥢,719200
F85c6,㒛,719200
F90dd,㘆,719200
F8571,曵,719200
F82f5,橜,719200
Ffbda,𠞉,719200
Ffdd0,Ⓧ,719200
Ffda6,儾,719200
F98f3,娰,719200
F8f5e,䎱,719200
F9cd9,䕭,719200
F86b1,乱,719200
F97d2,𠞄,719200
F8fc6,䟬,719200
F90d6,敄,719200
F8fd1,踪,719200
Ffbe2,揢,719200
F9d46,蒓,719200
Ffc56,䘷,719200
F9cd5,珏,719200
F9276,粬,719200
F84d8,唩,719200
F99ec,犟,719200
F94dc,𠡄,719200
F99d8,𠴳,719200
F8149,㕻,719200
Fa062,䆳,719200
F85b8,嬻,719200
F9048,䖳,719200
Fa065,䜺,719200
F85f0,㑷,719200
F85c7,𠲍,719200
Ffcc3,螕,719200
F955b,緐,719200
Ffcc2,戹,719200
F8367,𡰑,719200
F924a,厾,719200
F9cfe,蒒,719200
F95e2,訦,719200
Ffe5e,𥴊,719200
Ffbde,䭤,719200
F9fde,眦,719200
Ffad8,㹭,719200
F94db,𢱧,719200
F83cc,䶤,719200
Ffe65,𥷒,719200
F85ca,𣒂,719200
Fa0c5,厽,719200
Fa06c,妸,719200
F8674,桞,719200
F9173,瘷,719200
Ffade,凭,719200
F85ea,Ⓧ,719200
F9047,𧋍,719200
F9463,胟,719200
F9a4e,㰕,719200
F8ea8,𧶱,719200
F99df,漖,719200
F866e,㽝,719200
F8446,Ⓧ,109323
F84e0,Ⓧ,109323
F9b77,𥄎,109323
F96ef,Ⓧ,109323
F94a9,Ⓧ,313859
F83ab,Ⓧ,313859
F84cf,Ⓧ,313859
F8e4b,Ⓧ,313859
Ffa77,Ⓧ,313859
Ffede,𦙫,313859
F956e,𬗲,313859
F966c,Ⓧ,313859
Ffdaa,𩵟,313859
Ffec7,Ⓧ,313859
F9bef,𩚶,313859
F9264,Ⓧ,313859
F9978,Ⓧ,671322
F9464,Ⓧ,671322
F8669,Ⓧ,671322
Fa05c,Ⓧ,765880
F9567,Ⓧ,765880
F9968,Ⓧ,765880
F9e7e,Ⓧ,671322
Ffe59,Ⓧ,338153
F86a9,Ⓧ,671322
F82be,𫄎,765880
F8faa,帮,671322
F9956,𧖘,338153
F9b63,Ⓧ,765880
Ffdc3,Ⓧ,338153
F95b7,Ⓧ,671322
F99b4,Ⓧ,765880
F9de9,𢴿,671322
F9471,Ⓧ,338153
F8451,𪞫,671322
F90db,Ⓧ,338153
Ffa65,Ⓧ,765880
Ffcf7,Ⓧ,671322
F99c5,Ⓧ,765880
F82e7,Ⓧ,338153
F9bec,Ⓧ,671322
F9ac2,Ⓧ,338153
F9849,𨭛,338153
F8fed,𬠕,765880
Ffa5f,𦩘,338153
Ffd41,Ⓧ,338153
F85e1,Ⓧ,671322
F9863,𩿙,765880
F99f5,𣽾,671322
Ffa5f,𦩘,765880
F81d9,Ⓧ,765880
F9677,Ⓧ,765880
F8259,Ⓧ,765880
F93a7,Ⓧ,765880
F99c0,Ⓧ,765880
F9f5e,Ⓧ,765880
F91c5,Ⓧ,765880
F9fec,Ⓧ,765880
F9da9,Ⓧ,765880
F9847,Ⓧ,765880
F9ad2,Ⓧ,765880
Fa063,Ⓧ,671322
Ffcba,Ⓧ,765880
F8555,Ⓧ,765880
F96c6,Ⓧ,765880
F9872,Ⓧ,765880
F854c,Ⓧ,765880
F9ef9,Ⓧ,765880
F8660,𡿝,765880
F855a,Ⓧ,765880
Ffce2,Ⓧ,765880
Ffdca,Ⓧ,765880
F99a7,碱,765880
F96cf,Ⓧ,168578
Ffac3,Ⓧ,765880
F945b,Ⓧ,765880
F9c77,Ⓧ,168578
F81f8,Ⓧ,168578
Ffbab,Ⓧ,765880
Ffbed,Ⓧ,765880
F90b4,Ⓧ,765880
F826c,𠲥,765880
F93de,Ⓧ,168578
F9ba1,Ⓧ,765880
F9968,閵,671322
F9a5d,Ⓧ,168578
F9552,Ⓧ,765880
F9a60,Ⓧ,168578
F8541,Ⓧ,765880
F95b8,𠴨,765880
F84bd,Ⓧ,765880
F8457,Ⓧ,765880
Ffe49,Ⓧ,168578
F9966,Ⓧ,765880
F91ea,Ⓧ,168578
F9eda,猹,765880
Fa064,Ⓧ,908526
F9740,䢖,908526
F9b7e,迁,908526
F9faf,𧽖,338153
F9d52,Ⓧ,338153
F8550,礴,908526
F95f7,𢹷,338153
F8feb,Ⓧ,338153
F9862,Ⓧ,338153
F9355,𠰁,908526
F946e,鍪,338153
F97f8,Ⓧ,338153
F8fec,𫊩,908526
F9ae5,Ⓧ,338153
F9ddc,Ⓧ,338153
F8678,䀔,908526
F98ad,Ⓧ,338153
Fa0df,𢞠,338153
F9b73,䠷,908526
Fa0a5,Ⓧ,338153
F9deb,Ⓧ,338153
F9df8,Ⓧ,338153
F82db,Ⓧ,338153
F936b,𬟑,338153
F9ca4,Ⓧ,908526
F9df9,仅,908526
F9bc1,礻,908526
F9abe,𨻴,908526
Ffb4a,𡂿,908526
F9ce4,Ⓧ,908526
F8344,Ⓧ,908526
F99bb,Ⓧ,908526
F83d9,𬷟,908526
F97e8,𨉈,908526
F97e6,䩠,908526
F977c,鴂,908526
F9556,Ⓧ,908526
F96db,𠿍,908526
F8577,𥒲,908526
F9fb0,Ⓧ,908526
F84bd,毝,908526
Ffb7d,𢯁,908526
F99db,Ⓧ,908526
F8147,𧱍,908526
F95cd,挩,908526
F854f,𤛘,765880
F85e2,𡲰,765880
F9156,Ⓧ,765880
F8654,Ⓧ,765880
F8fb4,𨂃,765880
F99a3,Ⓧ,338153
F926d,Ⓧ,765880
F82da,Ⓧ,338153
F8155,Ⓧ,765880
F97bd,Ⓧ,338153
F96a8,Ⓧ,338153
F815c,Ⓧ,338153
F9373,Ⓧ,338153
F9476,Ⓧ,338153
F9270,Ⓧ,338153
F9fe0,Ⓧ,338153
F875e,Ⓧ,338153
F97f6,Ⓧ,338153
F9a73,Ⓧ,338153
F8fed,𬠕,338153
F9fec,Ⓧ,338153
Ffca2,Ⓧ,338153
F90c8,Ⓧ,338153
F9d41,Ⓧ,338153
Ffe63,Ⓧ,338153
F97f5,Ⓧ,338153
F9c4b,稆,338153
F8fd9,𨂾,338153
F91ea,Ⓧ,338153
Ffccf,𦱔,338153
F96f2,𢾖,338153
F84ac,Ⓧ,338153
F82a8,Ⓧ,338153
F9cdd,Ⓧ,338153
F9bd8,Ⓧ,765880
Fa047,Ⓧ,338153
F8449,Ⓧ,765880
F9df5,Ⓧ,765880
F9660,Ⓧ,338153
F9fb4,Ⓧ,765880
Ffe6f,Ⓧ,765880
F9fb1,Ⓧ,765880
Ffc4a,𦳢,338153
F9262,Ⓧ,765880
F964b,Ⓧ,765880
F90a4,Ⓧ,765880
F96fb,Ⓧ,765880
F9cdd,Ⓧ,765880
F9657,Ⓧ,765880
F96af,Ⓧ,338153
Ffb4b,Ⓧ,765880
Ffcc8,Ⓧ,765880
F9953,Ⓧ,765880
F825e,Ⓧ,338153
F815c,Ⓧ,765880
Fa052,Ⓧ,908526
F8ff9,𧓷,338153
Ffe6a,Ⓧ,765880
F9b62,Ⓧ,765880
F91c7,Ⓧ,908526
F85a6,Ⓧ,765880
Ffdd6,Ⓧ,338153
F98d1,𨷺,765880
F8745,𣦵,338153
F9947,𫏶,765880
F855e,毌,908526
F94ec,Ⓧ,338153
F9d6e,Ⓧ,765880
F95e9,𡵙,908526
Fa054,Ⓧ,765880
F9176,𤻤,765880
F854f,𤛘,338153
F8ec0,Ⓧ,765880
F966e,Ⓧ,765880
F975b,𣩤,338153
Ffa4f,𫁥,765880
F97b1,𠉤,908526
F9de0,𥓞,908526
F86bd,Ⓧ,765880
Ffb44,Ⓧ,765880
Fa070,Ⓧ,338153
Ffd55,Ⓧ,765880
F9b49,Ⓧ,338153
F9868,𥽋,908526
Fa0a8,Ⓧ,338153
F865f,Ⓧ,765880
F97ef,Ⓧ,765880
F93d1,Ⓧ,765880
F82b4,𦞥,765880
F916f,Ⓧ,338153
Ffb45,Ⓧ,765880
F9d7c,Ⓧ,765880
Ffbf0,𫝏,338153
F96f4,Ⓧ,765880
F977e,Ⓧ,765880
Ffabb,Ⓧ,338153
F9e50,𣮧,765880
F9b55,Ⓧ,338153
F9960,𥝙,765880
F97b5,Ⓧ,765880
Fa0f6,Ⓧ,338153
F8268,Ⓧ,765880
F9262,Ⓧ,338153
F9b71,Ⓧ,765880
F9b68,Ⓧ,338153
Ffca2,Ⓧ,765880
F8669,Ⓧ,338153
F8fc9,Ⓧ,765880
F94bf,Ⓧ,338153
Ffbf0,𫝏,765880
F9ccc,Ⓧ,338153
Ffd51,Ⓧ,765880
F9c42,Ⓧ,338153
F82c0,𧒽,765880
Ffda3,Ⓧ,338153
F9654,Ⓧ,765880
Ffb44,𫁘,908526
Ffd73,僭,338153
F9a40,Ⓧ,765880
F81c3,Ⓧ,338153
Fa0c2,Ⓧ,765880
F91b2,Ⓧ,908526
F83a3,Ⓧ,765880
F8664,Ⓧ,338153
F8fd9,𨂾,765880
Ffbd4,𣟵,338153
F9943,Ⓧ,338153
F85df,Ⓧ,908526
F9459,攴,908526
F9aa6,𨦟,908526
F96f4,蠹,908526
F866d,Ⓧ,908526
F9aee,𨗿,908526
F94e5,Ⓧ,908526
F90d9,𣤨,908526
F95c0,Ⓧ,908526
F95f3,Ⓧ,338153
F82a9,Ⓧ,338153
F9640,Ⓧ,338153
F8e55,Ⓧ,908526
F977e,Ⓧ,338153
F81a8,𧋖,338153
F8344,Ⓧ,338153
F99bd,𦇧,338153
F9b6e,Ⓧ,338153
F9878,Ⓧ,338153
Ffa60,Ⓧ,338153
F9cf7,Ⓧ,908526
Ffb45,岙,338153
F82c0,𧒽,338153
F9348,Ⓧ,908526
F95d0,𥁒,908526
F9b4e,Ⓧ,338153
Ffcc4,Ⓧ,338153
F90b7,Ⓧ,338153
F9ce6,Ⓧ,338153
F9041,Ⓧ,338153
F9169,Ⓧ,338153
Fa044,Ⓧ,338153
F9bae,Ⓧ,338153
F9ad1,𡾓,338153
F9af9,Ⓧ,338153
F9f57,Ⓧ,338153
F9eed,Ⓧ,338153
F8454,𥋜,908526
F8454,𥋜,338153
F97d0,𦤏,338153
F9953,Ⓧ,908526
F9b48,Ⓧ,338153
Ffd51,Ⓧ,908526
F96aa,Ⓧ,908526
F99a4,𩻸,338153
F8658,Ⓧ,338153
F83d3,Ⓧ,908526
F99a2,Ⓧ,338153
F8346,Ⓧ,338153
F99a7,碱,338153
F9d64,㕷,908526
F8263,Ⓧ,338153
F8248,Ⓧ,338153
F95f3,Ⓧ,908526
F9bf3,Ⓧ,338153
F90dc,Ⓧ,338153
F9966,窃,908526
Ffb7d,𢯁,338153
F8157,Ⓧ,338153
F97d8,Ⓧ,338153
Ffb49,Ⓧ,338153
F8550,Ⓧ,338153
F9dd8,Ⓧ,338153
F9969,Ⓧ,338153
F9d6e,Ⓧ,338153
F8e49,Ⓧ,338153
F9e55,Ⓧ,338153
F9d7c,Ⓧ,338153
F9da8,Ⓧ,338153
F8ead,Ⓧ,338153
F8f7b,Ⓧ,338153
F9cc2,𠠶,338153
F85df,Ⓧ,338153
F82f7,Ⓧ,338153
F84c9,𪢒,338153
F98ad,脲,908526
Ffe6f,Ⓧ,338153
F8f6f,Ⓧ,338153
F9354,Ⓧ,765880
F91e9,𣏕,338153
F9f4d,Ⓧ,765880
F8f5a,𣯽,338153
F9348,Ⓧ,765880
Ffb74,Ⓧ,908526
Ffc5e,Ⓧ,338153
F9669,Ⓧ,765880
F9863,𩿙,338153
F9842,煺,765880
Fa0bf,Ⓧ,338153
Ffe46,Ⓧ,765880
Ffa54,𫱨,338153
F97e5,甛,908526
F91e9,𣏕,765880
F93a7,Ⓧ,338153
F94c3,𠍯,908526
F8545,Ⓧ,338153
F8242,Ⓧ,765880
F995d,𫐩,338153
F8ed8,Ⓧ,908526
F844d,Ⓧ,765880
F9e6a,Ⓧ,338153
F9f66,𠐣,908526
F9269,Ⓧ,765880
F9e47,𥒻,765880
F82cd,Ⓧ,338153
F81bf,𥖇,765880
F9b42,Ⓧ,908526
F8e4a,Ⓧ,338153
F946b,Ⓧ,765880
Ffc76,Ⓧ,765880
F8f5c,Ⓧ,338153
F93ef,Ⓧ,765880
F84bb,Ⓧ,338153
F86e5,Ⓧ,765880
Ffbd2,Ⓧ,908526
F8f5c,Ⓧ,765880
F94cb,Ⓧ,338153
F8f74,Ⓧ,908526
F91e5,𪁉,338153
F85e9,廏,765880
F9fe3,Ⓧ,338153
F9257,Ⓧ,765880
F8660,𡿝,338153
F9979,Ⓧ,765880
Ffe46,Ⓧ,338153
F9fe1,𨀳,765880
F91ae,Ⓧ,338153
F8545,昰,908526
F9fbd,𬡃,338153
F91c2,𤶎,765880
Ffebc,Ⓧ,765880
F8454,Ⓧ,765880
Fa044,Ⓧ,765880
F8f69,Ⓧ,338153
Ffa6f,Ⓧ,765880
F9b5b,𡌂,908526
Ffb49,Ⓧ,765880
F9bdd,𥼶,908526
F9d43,Ⓧ,765880
F96b1,Ⓧ,765880
Ffc4d,Ⓧ,765880
F81cb,Ⓧ,765880
F8470,Ⓧ,765880
F9247,𪎭,765880
Ffba3,𪜶,765880
F9fd0,Ⓧ,765880
F8764,Ⓧ,338153
F9be8,Ⓧ,765880
F854c,Ⓧ,338153
F905f,Ⓧ,765880
F9dca,𣭲,338153
F81a6,𧋕,765880
F94b6,𠵔,338153
F90d9,𣤨,338153
Ffcd3,Ⓧ,338153
Fa0c3,Ⓧ,765880
F9ac4,Ⓧ,765880
F9e4c,𡚾,765880
F946b,Ⓧ,338153
F91ef,Ⓧ,765880
F90ed,𤧭,338153
F96be,Ⓧ,765880
Fa0c7,Ⓧ,765880
F99f5,Ⓧ,338153
Ffa49,Ⓧ,765880
F9dd8,Ⓧ,765880
F9856,鼈,908526
F9773,嘡,765880
F98ee,貉,908526
F867d,Ⓧ,765880
Ffc68,Ⓧ,908526
F86b8,𦊙,765880
F8163,Ⓧ,765880
F96e9,Ⓧ,765880
F986c,Ⓧ,765880
Ffdae,鮎,908526
F905e,Ⓧ,765880
F91ec,𫏓,765880
Ffdae,Ⓧ,765880
F9ee6,Ⓧ,765880
F9ad3,麁,908526
F84bb,彡,908526
F9b54,粎,908526
F81b3,Ⓧ,908526
F96f0,𠛫,908526
F844a,Ⓧ,338153
Fa0d8,匃,908526
F9de9,𢴿,338153
Ffcf4,Ⓧ,338153
F9ac6,𥙊,338153
F93f3,𩗗,338153
F85e6,Ⓧ,338153
F91c2,𤶎,338153
F9ef7,Ⓧ,908526
Ffec6,𤤉,908526
F96ae,𦕃,908526
F85e6,Ⓧ,908526
F816d,Ⓧ,908526
F8e54,帇,908526
F97db,Ⓧ,908526
F99e3,𩭓,908526
F9ad9,𦐌,908526
F9760,枱,908526
F98ae,Ⓧ,765880
F83af,Ⓧ,765880
F9962,Ⓧ,765880
F94f0,Ⓧ,765880
F9465,Ⓧ,765880
Ffc64,Ⓧ,765880
F92a1,Ⓧ,765880
F934b,𠺖,765880
F9aeb,Ⓧ,765880
F944f,Ⓧ,765880
F97ac,Ⓧ,765880
F986a,Ⓧ,765880
F9666,𠇈,765880
F96d5,Ⓧ,765880
Ffecc,𢮖,765880
Ffcd1,Ⓧ,765880
F9bdb,𣔙,908526
F9a6b,Ⓧ,908526
Ffce3,从,908526
F9766,迯,908526
F944c,Ⓧ,908526
F8753,Ⓧ,908526
F9f69,圅,908526
F8240,Ⓧ,908526
F825a,㼱,908526
F9c51,𥀓,908526
Ffadd,𫝻,908526
F95b5,Ⓧ,908526
F97fe,Ⓧ,908526
F8770,Ⓧ,908526
Ffab7,Ⓧ,908526
F82b0,Ⓧ,908526
F9563,𪁎,908526
F9e46,腝,908526
F8575,Ⓧ,908526
F94d2,Ⓧ,908526
Ffce5,众,908526
F99a1,跉,908526
F85a1,Ⓧ,908526
Ffd4e,𠉫,908526
F826f,𦐃,908526
F81be,Ⓧ,908526
F90a7,𡡉,908526
F9bc0,衤,908526
F96fa,㓠,908526
F97cf,𤻴,908526
F9ca9,Ⓧ,908526
F9e42,揼,908526
F9172,瘻,908526
F8773,Ⓧ,908526
Ffac6,Ⓧ,908526
F854b,㇒,908526
F8ffa,虬,908526
Ffbd0,𨇑,908526
F9d6b,Ⓧ,908526
F9a56,㦼,908526
F93fb,Ⓧ,908526
F81cd,𥑡,908526
F8142,Ⓧ,908526
F8540,𠮙,908526
Ffcb1,喯,908526
F9df2,Ⓧ,908526
F9544,Ⓧ,908526
F9ee7,Ⓧ,908526
Ffbbe,䪶,908526
Ffca1,勑,908526
F82cf,Ⓧ,908526
F9dcd,Ⓧ,908526
F98bd,𠴂,908526
F83f3,翄,908526
Ffcda,Ⓧ,908526
F82d4,Ⓧ,908526
F8666,夂,908526
Ffa59,𪸾,908526
Ffba5,𫊯,908526
F9a4a,Ⓧ,908526
F9bcb,Ⓧ,908526
F8ff5,Ⓧ,908526
Ffb64,Ⓧ,908526
Fa0bd,Ⓧ,908526
F9671,𠰂,908526
F9f76,𣉞,908526
Ffcd8,Ⓧ,908526
F9378,Ⓧ,908526
Fa049,𡣱,908526
F95e6,Ⓧ,908526
F91e1,Ⓧ,908526
F9ffd,𨎺,908526
F9c6e,𧪞,908526
F90a9,Ⓧ,908526
Ffcdd,𦮕,908526
F97ad,𡂼,908526
F9dd7,扅,908526
Fa051,祘,908526
F90be,无,908526
F94e4,𤉹,908526
F99d0,Ⓧ,908526
F99c1,夹,908526
F9de4,Ⓧ,908526
F9d69,旧,908526
F9b57,Ⓧ,908526
Ffb56,擮,908526
F91b1,Ⓧ,908526
F98a6,糡,908526
F9acf,Ⓧ,908526
F97f1,Ⓧ,908526
F9475,Ⓧ,908526
Ffdbc,鰂,908526
F8ed1,Ⓧ,908526
F95ef,𡁠,908526
F9cbd,Ⓧ,908526
Ffda7,Ⓧ,908526
Ffb7d,𢯁,908526
F90c5,妺,908526
F96b8,伆,908526
F9ac5,倸,908526
F9066,𬖴,908526
F9e60,𣞖,908526
Ffbd8,𠟈,908526
F9776,𧼮,908526
F98b0,𫽨,908526
F9de5,Ⓧ,908526
F98cc,Ⓧ,908526
F8eb0,𧸖,908526
F9266,㖐,908526
F9864,Ⓧ,908526
F8467,Ⓧ,908526
F95c6,Ⓧ,908526
F9ed4,剳,908526
F9aaa,Ⓧ,908526
F86be,𦪧,908526
F8748,䭹,908526
Fa04c,𧎳,908526
Ffb69,Ⓧ,908526
F90d2,𨉣,908526
F9b4f,𥻓,908526
F97d9,𥆟,908526
F9153,𩕠,908526
F9b47,襍,908526
F9857,鎿,908526
F9170,Ⓧ,908526
F9e66,Ⓧ,908526
Fa053,㕭,908526
F9dd3,Ⓧ,908526
Fa0b8,𫀸,908526
Ffca8,Ⓧ,908526
F98dd,䝏,908526
F8645,Ⓧ,908526
F8744,𧰸,908526
F9e4f,Ⓧ,908526
Ffbb7,Ⓧ,908526
F8153,Ⓧ,908526
Fa0eb,Ⓧ,908526
Ffe64,双,908526
F866a,Ⓧ,908526
Ffb70,Ⓧ,908526
Ffd43,俅,908526
F9af2,Ⓧ,908526
F9ec6,𩡾,908526
Fa0d4,Ⓧ,908526
Ffbb0,Ⓧ,908526
F8ee9,㤳,908526
F91e4,𦶃,908526
F9952,瓳,908526
F9f65,Ⓧ,908526
F857a,𢳁,908526
F98bc,Ⓧ,908526
F9779,Ⓧ,908526
F956d,Ⓧ,908526
F98e3,Ⓧ,908526
Ffc49,Ⓧ,908526
F9fe6,𤳈,908526
F9643,𣚦,908526
F95d8,𥖿,908526
F96e2,𨼴,908526
Ffd46,Ⓧ,908526
F82a3,Ⓧ,908526
F82ef,圿,908526
F857c,焁,908526
Ffec4,Ⓧ,908526
F83dc,Ⓧ,908526
Ffbb4,覔,908526
F8fc1,䟣,908526
F94e2,𡊍,908526
F9c6d,嗀,908526
F98a5,拟,908526
F9f5b,Ⓧ,908526
F8e76,攟,908526
F8fa9,响,908526
F86e2,𠯑,908526
F86f3,Ⓧ,908526
F8f5f,Ⓧ,908526
F91c5,Ⓧ,411500
F94ec,㡌,908526
F9d5f,𢽻,908526
F9eed,Ⓧ,908526
F91ea,Ⓧ,908526
F9363,Ⓧ,908526
Ffbf4,Ⓧ,908526
F82c0,𧒽,908526
F95d2,Ⓧ,908526
F9ad3,Ⓧ,20318
F8feb,𡁶,20318
F97e5,Ⓧ,20318
F82db,Ⓧ,20318
F94e4,𤉹,20318
F96c6,Ⓧ,20318
Ffbbc,Ⓧ,20318
F8263,Ⓧ,20318
F965e,Ⓧ,20318
F8577,𥒲,20318
Ffe49,Ⓧ,20318
F9abe,Ⓧ,20318
F847d,Ⓧ,20318
F9ac6,𥙊,20318
Fa070,Ⓧ,20318
F9b43,Ⓧ,20318
Fa055,Ⓧ,20318
F9066,𬖴,20318
Ffeec,𢱢,20318
F8fed,𬠕,20318
F9bae,Ⓧ,20318
F9770,Ⓧ,20318
F8f55,𢣗,20318
F9640,Ⓧ,20318
F84ba,Ⓧ,20318
F9c6d,𥔳,20318
F98c2,Ⓧ,20318
F8f40,Ⓧ,20318
F8fa9,Ⓧ,20318
F94b6,𠵔,20318
Ffdc3,Ⓧ,20318
F98ba,Ⓧ,20318
Ffb41,Ⓧ,20318
F8244,𥓘,20318
F9b49,Ⓧ,20318
F93eb,Ⓧ,20318
Ffcdd,𦮕,20318
F95f0,𠯤,20318
F90aa,𣡡,577931
F9666,𠇈,577931
F9ac5,Ⓧ,386251
F944f,𣷚,386251
Ffc49,Ⓧ,386251
Ffd51,Ⓧ,20318
F9854,Ⓧ,624376
Ffaee,Ⓧ,624376
F82cf,Ⓧ,624376
F967a,Ⓧ,624376
F8e72,Ⓧ,624376
F97f7,Ⓧ,624376
F9873,Ⓧ,624376
F9ce6,Ⓧ,624376
F96af,Ⓧ,624376
F9ed2,Ⓧ,624376
F9f59,Ⓧ,624376
F9562,Ⓧ,624376
F94c8,Ⓧ,624376
Fa0d0,Ⓧ,624376
F966c,Ⓧ,624376
F9fb4,Ⓧ,624376
F9a67,𤻗,340169
F9849,鏌,929170
F8770,𣢶,929170
F81ea,𣛰,921299
F9e64,Ⓧ,921299
F8ee9,Ⓧ,921299
Ffa77,Ⓧ,921299
F82e7,Ⓧ,921299
F99bd,Ⓧ,921299
F97c8,Ⓧ,921299
F82db,Ⓧ,921299
F8248,Ⓧ,921299
F8f5a,𣯽,921299
F96a8,Ⓧ,921299
F9943,Ⓧ,889295
F9dd3,Ⓧ,889295
F82f6,Ⓧ,889295
F9f65,醢,889295
F8ede,Ⓧ,889295
F9c57,𠟈,816834
Ffbd8,𠟈,816834
F8eec,Ⓧ,816834
F9f4b,𢓭,816834
F99a4,𫙟,816834
Big5,Unicode,User
a0f3,絸,671322
fc4f,𧜞,671322
95f8,䁲,671322
8754,Ⓧ,671322
8e+51,Ⓧ,908526
fdc3,Ⓧ,908526
9d7c,Ⓧ,908526
95fd,Ⓧ,908526
8465,㜺,908526
a04a,藼,908526
fe4c,Ⓧ,908526
86ea,𧮈,908526
fd6a,𢡉,908526
fd4b,㑝,908526
fee8,Ⓧ,908526
84cd,𤂿,908526
93db,韠,908526
fea1,㧗,908526
9444,𢼨,908526
98dc,覼,908526
8767,碦,908526
feb4,挰,908526
977d,Ⓧ,908526
fd4c,Ⓧ,908526
9f76,Ⓧ,908526
9bc1,Ⓧ,908526
9e4b,䭸,908526
825e,Ⓧ,908526
86d7,Ⓧ,908526
fed9,㨍,908526
9ddf,Ⓧ,908526
82c2,𩎦,908526
9648,Ⓧ,908526
82d5,Ⓧ,908526
9c61,Ⓧ,908526
99cf,鏥,908526
83c1,覌,908526
8e5d,𢷮,908526
99000,Ⓧ,908526
95b3,Ⓧ,908526
85ef,䊤,908526
927a,㝥,908526
95df,熋,908526
9fc2,欵,436253
9f4e,㮭,908526
a0d4,Ⓧ,482876
92a5,㥏,908526
84ba,Ⓧ,908526
83f7,Ⓧ,436253
917a,Ⓧ,482876
faee,Ⓧ,908526
94cc,䀟,482876
fe78,拃,908526
9379,㒒,482876
97d0,Ⓧ,908526
85cb,㽸,436253
fdb9,鰐,482876
96b1,Ⓧ,908526
85d8,䞵,908526
9dcd,Ⓧ,436253
9ef0,Ⓧ,908526
8459,Ⓧ,908526
fef4,Ⓧ,482876
91fb,耱,908526
91ba,斾,436253
99c1,Ⓧ,908526
9167,𩠾,482876
94b6,𠵔,908526
9bbd,Ⓧ,436253
a0d5,Ⓧ,908526
9256,Ⓧ,482876
90f2,块,908526
8200000,𣪘,436253
fe62,Ⓧ,482876
feac,𢫫,908526
83a6,㖤,436253
8153,Ⓧ,908526
a0ef,Ⓧ,908526
fe64,Ⓧ,482876
85d8,䞵,908526
fbd6,Ⓧ,436253
915d,𤵼,908526
8f5f,Ⓧ,908526
fecb,㧿,436253
844b,Ⓧ,908526
fc78,Ⓧ,908526
99d0,Ⓧ,436253
9f48,Ⓧ,908526
9051,蝱,908526
97a4,Ⓧ,908526
9063,肟,436253
9de9,Ⓧ,908526
9a60,Ⓧ,908526
94c8,Ⓧ,436253
94c2,嚊,908526
9ac5,Ⓧ,908526
85c8,Ⓧ,436253
92a7,鰵,908526
fdd6,Ⓧ,908526
9252,Ⓧ,436253
93fb,Ⓧ,240389
99bd,Ⓧ,908526
9cae,侊,436253
9d7b,毺,908526
827a,㖨,908526
82cb,奤,436253
8566,Ⓧ,908526
9c51,Ⓧ,436253
92a1,Ⓧ,908526
a065,䜺,240389
9f57,Ⓧ,436253
90dc,Ⓧ,908526
fdeb,𦅼,908526
fda5,㒤,666280
9ab2,辠,436253
fc73,Ⓧ,240389
9abe,Ⓧ,436253
96b3,Ⓧ,666280
8567,Ⓧ,436253
8748,Ⓧ,908526
fb7d,Ⓧ,436253
9660,Ⓧ,666280
8e+46,摼,908526
fae9,䩃,908526
9300,胓,908526
9fa9,Ⓧ,436253
fdad,黢,908526
854f,Ⓧ,666280
8ff8,Ⓧ,908526
875f,㹤,436253
93ed,Ⓧ,436253
96b2,Ⓧ,666280
96fb,Ⓧ,436253
92a7,鰵,666280
8470,Ⓧ,436253
9dbe,Ⓧ,436253
81f1,Ⓧ,908526
9ae8,Ⓧ,666280
fc52,Ⓧ,908526
9474,㵟,436253
975f,黗,666280
85a8,𤿭,908526
8e7b,Ⓧ,908526
93eb,Ⓧ,436253
86a4,㬡,666280
8377,髠,908526
9940,Ⓧ,666280
9bf0,帋,436253
8ff9,𧓷,908526
a079,Ⓧ,666280
95d5,Ⓧ,436253
9169,Ⓧ,482876
9373,Ⓧ,908526
8fe0,Ⓧ,436253
9fc2,欵,666280
9478,帞,908526
fd55,Ⓧ,436253
975b,Ⓧ,908526
93eb,Ⓧ,666280
8f6d,骬,908526
fd57,倊,908526
85b3,𦙭,482876
86c4,Ⓧ,908526
9bed,栙,482876
976c,墰,666280
9b77,Ⓧ,908526
8471,𧄔,908526
90a7,Ⓧ,908526
91c5,Ⓧ,666280
fecc,Ⓧ,482876
9baf,臈,908526
9fe0,Ⓧ,908526
9ac9,丵,436253
9e4e,㛞,482876
9945,鈎,482876
9d49,噇,908526
fe63,Ⓧ,436253
84c8,𨔦,908526
9de6,Ⓧ,908526
964e,蕋,436253
9641,Ⓧ,908526
90a4,Ⓧ,436253
9741,䭔,908526
8467,Ⓧ,436253
8ed8,Ⓧ,482876
faae,Ⓧ,436253
96d6,Ⓧ,908526
a0ce,Ⓧ,908526
93fe,腀,436253
fb5c,㧎,908526
9a51,鸘,908526
98ae,Ⓧ,482876
9155,㽱,436253
9277,Ⓧ,908526
84ec,𤞣,482876
834d,𤲍,908526
faa2,Ⓧ,436253
854c,Ⓧ,908526
8ef9,愞,666280
82ec,𢵧,908526
9be7,䧘,436253
9ca7,Ⓧ,908526
866d,Ⓧ,482876
8347,㩒,666280
94c3,Ⓧ,436253
81f5,𤛯,666280
8100000,Ⓧ,436253
9c55,Ⓧ,482876
8ea1,𧵳,908526
fc40,穏,866497
8171,傫,436253
9b7d,𠠃,666280
964f,蕳,908526
906b,Ⓧ,436253
9da9,Ⓧ,666280
94b1,Ⓧ,436253
9355,Ⓧ,866497
98c3,Ⓧ,436253
9c53,Ⓧ,666280
8eac,賶,866497
9a67,Ⓧ,436253
81,Ⓧ,436253
8fcb,𨂢,866497
fa45,𣍐,666280
84db,𠯋,436253
fd68,Ⓧ,666280
83d7,㬹,436253
8ee6,Ⓧ,866497
9bea,㳄,436253
9f55,Ⓧ,482876
8443,𡯴,866497
99a9,Ⓧ,666280
9441,牀,866497
fa46,刣,436253
8ec8,Ⓧ,482876
8672,駵,666280
99b3,蛕,436253
fdbf,鰮,666280
85b7,𠉩,482876
9979,Ⓧ,866497
fa60,Ⓧ,666280
92a4,緍,436253
946d,䓮,482876
a0bd,Ⓧ,436253
85ea,䶑,666280
fcba,Ⓧ,436253
86c6,Ⓧ,666280
9972,Ⓧ,436253
9354,Ⓧ,866497
fd7c,飸,436253
97de,Ⓧ,666280
864c,Ⓧ,436253
9fa5,䜑,866497
90c8,Ⓧ,666280
84bf,Ⓧ,436253
91a7,駊,866497
fccd,㓖,436253
90cd,猫,866497
8fee,Ⓧ,436253
8ef4,Ⓧ,666280
997a,Ⓧ,866497
a07c,Ⓧ,482876
9d62,嘷,436253
82ad,Ⓧ,436253
fbd7,Ⓧ,866497
90d9,Ⓧ,482876
99a1,Ⓧ,436253
82000000000,𩚲,866497
fed3,Ⓧ,436253
fe41,䇱,482876
9878,Ⓧ,436253
85c2,Ⓧ,436253
91c1,熕,436253
9460,䏬,482876
95a7,䙑,240389
90cc,Ⓧ,436253
9e+67,Ⓧ,482876
fabc,Ⓧ,866497
a0e3,Ⓧ,436253
834b,䭳,482876
9e+61,Ⓧ,240389
9ac4,Ⓧ,436253
9bd8,䄏,482876
fc62,嘑,436253
9fa6,䉑,482876
fde0,Ⓧ,866497
8143,㘈,436253
81b2,䜻,240389
94c1,Ⓧ,436253
856f,Ⓧ,866497
9b48,Ⓧ,436253
964a,趂,866497
fd73,Ⓧ,436253
8fab,Ⓧ,240389
93da,㻫,482876
8500,Ⓧ,436253
99fd,Ⓧ,866497
82bb,Ⓧ,436253
9ed2,Ⓧ,436253
98b4,槺,866497
9aef,懛,240389
97f6,Ⓧ,436253
84f2,𡿿,866497
fc55,Ⓧ,436253
9270,Ⓧ,436253
9b4f,Ⓧ,866497
86fc,刔,866497
9bf7,䐁,436253
8750,詽,240389
94a5,㱟,436253
fb4b,Ⓧ,436253
90aa,Ⓧ,866497
8e+63,Ⓧ,436253
96f6,Ⓧ,240389
a0ad,揦,866497
fe6e,扝,866497
feaf,澊,436253
8600000,Ⓧ,866497
83ad,Ⓧ,436253
9a7c,姫,866497
fee4,㨪,436253
9d4f,𢓜,866497
fec7,Ⓧ,436253
9c61,Ⓧ,240389
99c6,Ⓧ,436253
9059,蠘,866497
8374,䞨,436253
97c4,𠲵,866497
fdae,Ⓧ,436253
8f7b,Ⓧ,240389
9ce5,Ⓧ,436253
9557,橂,866497
8300,潜,436253
82a1,𢿞,866497
81a2,Ⓧ,436253
8272,𩅠,866497
a0fc,晳,436253
84ee,橒,866497
97b2,𠴲,866497
a0ec,Ⓧ,866497
976b,䎦,866497
93fc,㣒,866497
8fb8,軁,866497
98cc,Ⓧ,866497
9bde,Ⓧ,482876
85000000000,廏,866497
9ebb,跒,482876
90db,Ⓧ,866497
91ae,Ⓧ,482876
9e5a,Ⓧ,866497
95f0,Ⓧ,866497
83fd,Ⓧ,482876
96b8,Ⓧ,866497
9878,Ⓧ,866497
8345,𠟋,482876
847a,甤,866497
9d54,Ⓧ,866497
98000000,嫏,482876
90f4,脉,866497
97cc,䥢,482876
946d,䓮,866497
fdac,鮄,482876
fa47,Ⓧ,482876
94fa,誔,666280
9fde,眦,866497
9ed1,㪕,866497
985b,Ⓧ,240389
83bc,𢷓,866497
81b6,鬉,866497
fa6d,Ⓧ,240389
9870,Ⓧ,866497
9f54,踈,866497
8253,Ⓧ,866497
fbd0,Ⓧ,240389
9aef,懛,866497
a0a6,Ⓧ,866497
8465,㜺,240389
93d0,Ⓧ,866497
91d9,狍,866497
9b70,拞,240389
fe54,䈕,866497
9650,塟,866497
fb79,Ⓧ,866497
9eba,韂,240389
90ef,癯,866497
9eed,Ⓧ,240389
9046,𧌂,866497
fefc,𢲵,866497
9b62,Ⓧ,240389
950000000,Ⓧ,866497
99a3,鴡,428703
85cb,㽸,866497
97fa,勅,866497
9bc3,樌,866497
97000000000,鋵,866497
85a7,䱅,866497
8657,㿯,866497
94ba,㩺,866497
9cd2,䀠,240389
8e5a,㩕,866497
9548,𨹄,866497
94a9,Ⓧ,866497
83b8,㕫,240389
9ea7,Ⓧ,866497
8ee1,𢙨,866497
9547,䬫,482876
97a8,Ⓧ,240389
856f,Ⓧ,866497
fdfa,䇢,866497
9b75,鞧,866497
9a7a,榘,866497
946e,Ⓧ,240389
a0c7,Ⓧ,866497
95d0,Ⓧ,866497
fc44,Ⓧ,866497
96ec,覻,240389
9000000000,捠,866497
82b6,𠟄,866497
82ae,𢷹,866497
91ba,斾,240389
9eed,Ⓧ,866497
8fd9,Ⓧ,866497
8ec8,Ⓧ,240389
875f,㹤,866497
9f78,覰,866497
8761,赾,240389
9abe,𨻴,866497
9cee,氊,240389
9caf,Ⓧ,240389
9b73,Ⓧ,240389
9ec8,Ⓧ,240389
86b2,耣,240389
9fb8,骩,666280
9bba,Ⓧ,240389
fec2,𢮎,666280
86c9,Ⓧ,866497
9b7c,Ⓧ,666280
98f4,犂,866497
9ac6,Ⓧ,240389
9c56,䑦,666280
9fe3,Ⓧ,866497
83a3,Ⓧ,240389
fb5a,揞,666280
feb4,挰,866497
fb59,㭰,866497
98bf,穤,666280
fec6,Ⓧ,240389
fcef,佋,866497
97d4,Ⓧ,666280
8f79,鑹,866497
9870,Ⓧ,240389
9cf1,㚒,866497
9e+50,Ⓧ,666280
904e,䗁,866497
9bcb,Ⓧ,666280
fcf4,Ⓧ,240389
92a5,㥏,866497
fbc3,洔,866497
fa6d,Ⓧ,666280
94bb,Ⓧ,240389
83f2,𣻄,866497
83b5,㠶,866497
9b45,Ⓧ,666280
99fa,Ⓧ,240389
fb66,嵖,866497
96d9,㮇,866497
844b,Ⓧ,666280
8642,Ⓧ,240389
99b0,𣧥,666280
8f6f,Ⓧ,866497
82a7,㡘,240389
81dc,㨄,866497
82c7,𣹤,666280
96a7,Ⓧ,666280
fc77,Ⓧ,866497
9164,Ⓧ,908526
faf0,㩵,866497
9abd,揔,666280
feee,㨠,908526
9175,𤻄,666280
81eb,厾,866497
83a4,𢫩,866497
fccc,幈,666280
9a75,Ⓧ,666280
9b41,靭,866497
a0aa,Ⓧ,866497
9f65,Ⓧ,666280
fe44,𥮉,866497
86c9,Ⓧ,482876
9346,毪,666280
846e,Ⓧ,666280
9f6e,Ⓧ,866497
934a,Ⓧ,482876
fc7e,耻,240389
83f1,搙,666280
86b8,Ⓧ,866497
9ba9,Ⓧ,482876
fe51,Ⓧ,666280
9862,Ⓧ,866497
9f57,Ⓧ,666280
835c,Ⓧ,240389
960,䀇,866497
9161,㾙,666280
937d,𠱀,866497
854e,牤,666280
86b2,耣,482876
95f0,Ⓧ,240389
fa6b,Ⓧ,866497
8263,Ⓧ,666280
fad6,僫,240389
9d43,Ⓧ,866497
9d71,硆,866497
8461,𧽯,482876
fb66,嵖,666280
99fd,Ⓧ,866497
9fac,䃺,240389
faa4,Ⓧ,666280
8f4a,Ⓧ,866497
fe4f,箒,240389
9e+50,Ⓧ,482876
fac2,鉢,866497
90cf,勥,666280
86c0,碽,866497
9dd4,Ⓧ,240389
947e,麱,666280
9352,Ⓧ,666280
99f2,Ⓧ,866497
fe6e,扝,240389
84bc,Ⓧ,482876
95b4,侢,866497
fd70,Ⓧ,666280
9750,Ⓧ,240389
9cd4,瑴,666280
8e7e,䝰,866497
9ceb,Ⓧ,482876
86bc,Ⓧ,240389
927e,𥉐,666280
8e+49,Ⓧ,482876
fbb7,Ⓧ,482876
fe58,篗,666280
9976,圝,866497
8ebb,劚,240389
82f3,𢎥,482876
9064,𤞚,482876
90ea,Ⓧ,666280
8fd8,Ⓧ,866497
fd66,𠌱,482876
fa6f,Ⓧ,666280
90ba,Ⓧ,866497
febe,㧻,482876
8e5e,擡,866497
fccf,Ⓧ,666280
9fe5,飈,240389
904e,䗁,482876
91ee,飷,866497
82ea,Ⓧ,666280
81a7,Ⓧ,666280
86fb,Ⓧ,866497
82,鏆,866497
9971,㨴,666280
995f,Ⓧ,866497
8667,㺮,866497
96c8,𡱰,866497
fed2,𢱉,866497
a0c0,Ⓧ,866497
85a1,Ⓧ,866497
82da,Ⓧ,866497
9070,苉,666280
9ded,㩙,866497
83d9,Ⓧ,866497
9c61,贑,866497
9c7c,椶,866497
824b,Ⓧ,866497
83c5,䝮,666280
99d2,姉,866497
855f,Ⓧ,666280
9755,Ⓧ,666280
faa6,Ⓧ,866497
84b8,Ⓧ,866497
a066,檫,666280
83ed,𡧯,866497
fb53,鵶,866497
fdd7,紪,866497
83000,Ⓧ,866497
9df2,Ⓧ,866497
9ef5,Ⓧ,734865
9949,Ⓧ,482876
9a54,Ⓧ,666280
fdfc,𥬬,482876
83d2,䂑,666280
fcab,癍,666280
9ff5,Ⓧ,482876
9dab,Ⓧ,866497
85ba,倁,866497
9d71,硆,666280
9475,Ⓧ,866497
9e+49,Ⓧ,666280
93ed,𤶖,866497
8e+69,Ⓧ,482876
fecc,Ⓧ,666280
9478,帞,482876
86cf,Ⓧ,482876
9eee,㖅,666280
fb75,Ⓧ,666280
9ac0,Ⓧ,666280
faad,Ⓧ,666280
fec5,Ⓧ,482876
8148,䊴,666280
9555,𠆶,482876
8eee,Ⓧ,666280
9569,栿,482876
8663,粶,482876
90f6,Ⓧ,666280
8fb3,Ⓧ,482876
9b5c,Ⓧ,666280
9ccd,Ⓧ,482876
9dc9,Ⓧ,482876
fe7a,抧,482876
94da,𧺾,482876
9740,Ⓧ,666280
8764,Ⓧ,666280
835b,躿,482876
fc63,Ⓧ,666280
97b4,甎,482876
99fa,Ⓧ,666280
9bb6,䶋,666280
9b56,噻,666280
9dcc,猨,666280
9fb8,骩,666280
fae3,Ⓧ,666280
9bdd,Ⓧ,482876
99fa,Ⓧ,666280
96d6,Ⓧ,482876
fe69,Ⓧ,482876
a0c2,Ⓧ,482876
96bc,塩,482876
9e+51,Ⓧ,734865
fd4e,Ⓧ,482876
9776,Ⓧ,734865
9ef2,㵓,482876
85cd,𣢥,482876
8fb8,軁,482876
964d,萡,734865
9c70,唂,482876
98eb,塄,734865
9adc,鉇,482876
9a73,Ⓧ,734865
9a69,㥵,482876
9641,Ⓧ,734865
86b2,耣,482876
9bbc,鎋,734865
9f41,Ⓧ,482876
98ac,嫐,734865
815f,䵷,482876
9fb7,隷,482876
a052,Ⓧ,734865
9ef5,Ⓧ,482876
82a3,Ⓧ,734865
feb5,㧶,734865
fcec,Ⓧ,734865
8353,焅,482876
fdb9,鰐,734865
fee8,Ⓧ,734865
8f54,懛,482876
97f2,Ⓧ,482876
83c6,Ⓧ,734865
84c9,Ⓧ,482876
9fcf,Ⓧ,482876
9e+44,Ⓧ,734865
9eaa,Ⓧ,482876
9caf,Ⓧ,734865
9375,𤊡,734865
9758,Ⓧ,482876
9e+64,Ⓧ,734865
97c2,畓,482876
815a,棙,734865
a0d4,Ⓧ,482876
9440,硽,734865
876e,訤,734865
93a4,膔,482876
9864,Ⓧ,734865
9fa8,韤,482876
fd7e,Ⓧ,734865
8f40,Ⓧ,482876
8658,Ⓧ,734865
93a2,渒,482876
9741,䭔,734865
9bb6,䶋,734865
fb76,鐧,734865
82fa,𥏘,482876
9267,Ⓧ,734865
9aef,懛,482876
fcdb,Ⓧ,734865
9de2,婣,734865
9ae1,齅,482876
8660,Ⓧ,734865
85ca,𣒂,482876
84d4,㮧,734865
fd79,僷,734865
9dca,Ⓧ,734865
9bfc,Ⓧ,734865
96c4,Ⓧ,482876
fbb0,Ⓧ,734865
9544,Ⓧ,734865
9b4d,Ⓧ,482876
98a6,Ⓧ,734865
97d7,䄺,734865
84fa,䯛,734865
93f3,Ⓧ,734865
9ab6,Ⓧ,734865
91000000000,Ⓧ,482876
fc60,Ⓧ,734865
9d7b,Ⓧ,666280
916b,𤸎,734865
fedc,㨎,482876
8472,𣄮,666280
fdc9,Ⓧ,482876
fb4d,癀,734865
85be,㿃,666280
986f,Ⓧ,734865
94ee,𦛝,482876
9af4,Ⓧ,734865
9fef,龥,482876
96000,Ⓧ,734865
936c,蔢,666280
81f8,刏,734865
97ef,Ⓧ,666280
9544,Ⓧ,734865
85ab,醈,734865
fbbd,Ⓧ,734865
8471,𧄔,666280
8f49,Ⓧ,734865
8e+53,Ⓧ,666280
97b7,Ⓧ,734865
9378,㸁,666280
90d4,覒,734865
84bb,Ⓧ,666280
9c63,詪,734865
8fb2,Ⓧ,734865
fdc1,䱹,666280
99d5,Ⓧ,734865
85ce,瘬,666280
8fb4,Ⓧ,734865
fba7,Ⓧ,734865
9d5a,Ⓧ,734865
99bf,Ⓧ,734865
91cb,䨦,734865
a0b2,Ⓧ,734865
8f68,Ⓧ,734865
86c5,Ⓧ,734865
8fdc,Ⓧ,734865
94a6,Ⓧ,734865
98d9,Ⓧ,734865
8fec,Ⓧ,734865
9053,𧍪,908526
9af6,䀹,734865
8f59,炧,734865
9864,Ⓧ,908526
9270,Ⓧ,734865
9679,Ⓧ,908526
9cb6,窼,734865
fd43,Ⓧ,908526
876d,誵,734865
81b5,㳐,908526
955b,緐,734865
82bb,Ⓧ,908526
9a60,Ⓧ,734865
8240,Ⓧ,666280
9358,䥶,908526
85a7,䱅,734865
9dbe,Ⓧ,666280
9abd,揔,734865
81c3,Ⓧ,908526
fcb2,逩,734865
9aaf,絙,666280
95b0,鐾,734865
99b4,Ⓧ,666280
9765,Ⓧ,666280
9cc9,醌,666280
9d61,珄,666280
9346,毪,666280
9c5b,够,666280
93d9,𠌫,666280
a059,Ⓧ,666280
fcbe,䭁,666280
95ba,嚿,666280
fcf3,佂,666280
9f5d,䘕,666280
99d3,毑,666280
F9873,Ⓧ,908526
fd51,Ⓧ,666280
9975,恡,666280
9f51,脚,666280
fbaa,𠺕,666280
F9ca3,恑,908526
9fa2,熃,666280
855a,Ⓧ,666280
F8fb4,Ⓧ,908526
82ac,㘝,666280
974e,𧡍,666280
9bd4,効,666280
F9279,Ⓧ,908526
875d,䟬,666280
F8faa,Ⓧ,908526
8274,䕼,666280
F8357,𠪚,908526
817a,Ⓧ,666280
F815d,Ⓧ,908526
9abc,厠,666280
F9ce8,鯒,908526
8645,Ⓧ,666280
9daa,䊆,666280
F9960,Ⓧ,908526
F99f1,𩪘,908526
F9cf2,鿃,908526
9fe1,Ⓧ,666280
F9ce1,凇,908526
F95fa,巗,908526
fac3,Ⓧ,666280
F9d46,蒓,908526
F9f5c,晣,908526
98ee,Ⓧ,666280
Ffea6,Ⓧ,908526
fad7,Ⓧ,666280
F876a,矦,908526
F9c58,𡁤,908526
9852,Ⓧ,666280
F84bd,Ⓧ,908526
faf8,Ⓧ,666280
9250,Ⓧ,666280
F9e78,Ⓧ,908526
F9c4e,錷,908526
825f,𧭷,666280
F9263,鱝,908526
93dd,㩺,666280
F8146,緫,908526
F85f2,𠜓,908526
9a46,麕,666280
F90fb,Ⓧ,908526
85b8,嬻,666280
F99a4,Ⓧ,908526
F94ad,䭰,908526
F905d,賔,908526
8456,Ⓧ,666280
F97bb,𠿕,908526
Ffaf8,Ⓧ,908526
a064,Ⓧ,666280
F94d7,𥩾,908526
F9cc6,譌,908526
F9bc0,Ⓧ,908526
F86a9,Ⓧ,908526
fd60,傟,666280
F94e4,Ⓧ,908526
F9ee4,㷎,908526
fb67,崕,666280
F8361,𤷍,908526
9cb2,躳,666280
860000,Ⓧ,666280
Fa0d8,Ⓧ,908526
9174,𤺊,666280
F93dd,㩺,908526
9bee,Ⓧ,666280
9e+49,Ⓧ,666280
97d3,鷉,666280
F85ec,徎,908526
90db,Ⓧ,666280
9248,鶥,666280
F84a8,Ⓧ,908526
fde4,Ⓧ,666280
Ffec4,Ⓧ,908526
Ffca1,Ⓧ,908526
99a7,Ⓧ,666280
99bc,Ⓧ,666280
F9c76,Ⓧ,908526
F967d,䟻,908526
9756,Ⓧ,666280
F81fc,𣻢,908526
F84fa,䯛,908526
9df4,僙,666280
Ffef5,㨨,908526
fa65,Ⓧ,666280
Fa0c4,Ⓧ,908526
F944e,㯃,908526
95cc,攞,666280
F9aea,Ⓧ,908526
97b5,Ⓧ,666280
Fa079,Ⓧ,908526
90b0,疎,666280
F8f4a,Ⓧ,908526
F9e46,Ⓧ,908526
F9e56,Ⓧ,908526
F95df,熋,908526
F99af,Ⓧ,908526
F9147,頳,908526
Ffab7,Ⓧ,908526
Ffb77,悞,908526
F9548,𨹄,908526
F92a2,麪,908526
Ffab4,个,908526
Fa0b8,Ⓧ,908526
Ffaa8,Ⓧ,908526
F85c1,𩾗,908526
F81ea,Ⓧ,908526
F8e7c,貱,908526
Ffe66,籄,908526
F85db,𠊲,908526
F8e47,𢳍,908526
F94f4,Ⓧ,908526
F985d,Ⓧ,908526
F85e4,囬,908526
Ffdb8,鰌,908526
F97b8,𣢯,908526
Ffa41,Ⓧ,908526
Ffd43,Ⓧ,908526
F93e5,Ⓧ,908526
Ffea2,拕,908526
F81a8,Ⓧ,908526
Ffcde,Ⓧ,908526
F8161,Ⓧ,908526
F8658,Ⓧ,908526
F98a9,陧,908526
Ffe67,𥵪,908526
F99cb,㛃,908526
F9dbe,Ⓧ,908526
F936b,Ⓧ,908526
Ffe4a,Ⓧ,908526
Fa04c,Ⓧ,908526
Ffdcc,𩽆,908526
F8ff3,𧒄,908526
F82ca,冄,908526
Ffbfc,𠳝,908526
Ffa70,𤶃,908526
F9cc8,Ⓧ,908526
F8258,𤖝,908526
F8fba,粃,908526
F9e6c,Ⓧ,908526
Ffcfa,Ⓧ,908526
F8660,𡿝,908526
F90e2,寃,908526
F8279,𦗳,908526
F96d3,Ⓧ,908526
Ffa54,Ⓧ,908526
F84b0,Ⓧ,908526
F9d73,嫧,908526
F98d4,䋈,908526
F8260,㔷,908526
F96d2,㲲,908526
F8351,𩊓,908526
Ffac2,鉢,908526
F8fb0,髈,908526
F9667,匧,908526
Ffbb0,Ⓧ,908526
F9e6b,Ⓧ,908526
F95c5,䭕,908526
F91d4,Ⓧ,908526
F9956,Ⓧ,908526
F9ed4,Ⓧ,908526
F99bd,Ⓧ,908526
Ffe62,Ⓧ,908526
F9558,Ⓧ,908526
F9c67,Ⓧ,908526
F81b3,Ⓧ,908526
Ffaf8,Ⓧ,908526
F9f55,Ⓧ,908526
F98e2,罱,908526
Ffbbe,Ⓧ,908526
Ffc65,㧫,908526
F94b8,𣢋,908526
Ffbd8,Ⓧ,908526
Ffebe,㧻,908526
F9a66,Ⓧ,908526
F9ec6,Ⓧ,908526
Ffb69,Ⓧ,908526
Ffc64,Ⓧ,908526
Ffb68,厓,908526
F9f69,Ⓧ,908526
F8341,Ⓧ,908526
Ffdac,鮄,908526
Ffb5d,㤉,908526
F8ed8,Ⓧ,125587
F8fae,杛,125587
Ffdcd,䞽,125587
F94ca,𠜳,125587
F9bea,㳄,125587
F8158,𢽝,125587
F97dc,Ⓧ,125587
F86ab,㽟,125587
F9151,顦,125587
F8578,Ⓧ,125587
Ffda7,Ⓧ,125587
Ffc76,Ⓧ,125587
F997d,㫰,125587
Ffa64,𩽆,125587
Ffdb6,䱫,125587
F82aa,Ⓧ,125587
F964e,蕋,125587
F8e62,𢷕,125587
Ffad1,飰,125587
F857c,Ⓧ,125587
Ffaa6,Ⓧ,125587
F95ea,詸,125587
F9d4a,Ⓧ,125587
F916f,Ⓧ,125587
F90f2,块,125587
F9572,媍,125587
F9e65,Ⓧ,125587
F96c7,㕰,125587
F9b42,Ⓧ,125587
Ffab4,个,125587
F9b67,Ⓧ,125587
F9bf2,墌,125587
F96f8,朶,125587
F9359,澁,125587
F96fc,Ⓧ,125587
F84d5,Ⓧ,125587
Fa0e7,嚈,125587
F9575,㗨,125587
F8544,𧽻,125587
F92a7,鰵,125587
F815c,Ⓧ,125587
F9d78,㕶,125587
F9b63,Ⓧ,125587
F85fa,嶋,125587
F94e2,Ⓧ,125587
Ffa57,鵾,125587
F835b,躿,125587
Fa072,猬,125587
F9346,毪,125587
Ffc54,𤝷,125587
F94c8,Ⓧ,125587
F9bcf,Ⓧ,908526
F9b68,Ⓧ,908526
F98be,鍩,908526
F94da,𧺾,908526
F94e7,Ⓧ,908526
F9ee2,Ⓧ,908526
F85a3,𥢊,908526
F8ee1,𢙨,908526
F9660,Ⓧ,125587
F9d52,Ⓧ,125587
Ffa4d,Ⓧ,125587
F9c6e,Ⓧ,125587
F9c5a,Ⓧ,125587
F95f7,Ⓧ,125587
F84fa,䯛,125587
Ffba2,Ⓧ,125587
Ffb43,Ⓧ,125587
F9ab8,繱,125587
F83a1,嚛,125587
F8364,Ⓧ,125587
F9af7,䥳,908526
F815f,䵷,908526
F8f4e,㦘,908526
F9765,Ⓧ,908526
F8f55,Ⓧ,4244
F8ec9,襇,4244
F976f,罎,4244
F8e43,摤,4244
F9aa4,煅,908526
F96b2,Ⓧ,125587
F9d41,Ⓧ,125587
Fa0a8,Ⓧ,125587
F9d69,Ⓧ,125587
F9354,Ⓧ,125587
F90da,Ⓧ,125587
Ffa51,壻,125587
F8f62,鑔,125587
F9d65,嗸,125587
F9251,𥬬,125587
F98bc,Ⓧ,4244
F96bf,Ⓧ,125587
F8158,𢽝,125587
F94c9,䚔,125587
F8fe4,蹽,4244
Ffcea,仸,125587
F9677,Ⓧ,4244
Fa0f1,帬,629331
F94cc,䀟,125587
F8fbc,啚,125587
F91f9,𣑫,125587
F8fa5,䶌,629331
F8660,𡿝,125587
F924c,𣾴,125587
F9440,硽,4244
F9cb4,咔,125587
F8e74,㩳,125587
F847e,㿷,4244
F90fc,橰,125587
F9b4a,沢,125587
F84db,𠯋,629331
F97a4,Ⓧ,4244
F82b3,趘,125587
F9bb0,䇽,647952
F82a3,Ⓧ,4244
F9679,逓,629331
F9ad9,Ⓧ,4244
F9a44,𦧊,4244
F99e8,Ⓧ,125587
F8756,𡻙,125587
F915a,Ⓧ,629331
F937b,𥭖,4244
Ffee2,𢳥,125587
F86d6,Ⓧ,4244
F8f67,鮁,908526
Ffb72,𡳞,908526
F99d5,Ⓧ,4244
F985a,Ⓧ,908526
F99a1,Ⓧ,4244
F8771,𡀂,4244
F84a6,𥼛,908526
F925b,Ⓧ,647952
F814f,Ⓧ,4244
Ffbbd,Ⓧ,908526
F96ba,茋,4244
Fa0bb,Ⓧ,647952
F94bb,Ⓧ,4244
F9c55,Ⓧ,125587
F9646,譍,647952
F83fe,𦅗,125587
F9dd5,睺,4244
F81a8,Ⓧ,647952
F8273,Ⓧ,125587
F9e61,Ⓧ,647952
Ffc67,Ⓧ,125587
F81f1,Ⓧ,125587
F9cf2,Ⓧ,4244
F94e0,Ⓧ,647952
F8fa9,Ⓧ,125587
F9d77,墒,125587
F96ce,岹,125587
F81c9,䰪,647952
F8f49,Ⓧ,4244
F9562,Ⓧ,125587
Ffb7e,𤆬,125587
F8547,Ⓧ,647952
F835a,𣤢,125587
F97cb,䖙,4244
F9073,Ⓧ,125587
F945b,Ⓧ,647952
F82e3,𢅎,4244
F9960,Ⓧ,125587
F9cc4,咵,4244
Ffc7b,竾,647952
F8273,Ⓧ,125587
F81fa,Ⓧ,647952
F81ca,矀,125587
F82af,Ⓧ,4244
F86e5,Ⓧ,647952
F91ee,飷,125587
F86c8,Ⓧ,647952
F85b1,Ⓧ,125587
F82cb,奤,4244
F857b,鞛,647952
Ffc60,Ⓧ,125587
F9ec1,韵,125587
F86cc,Ⓧ,647952
Ffded,繮,125587
Ffaa3,Ⓧ,125587
F96fb,Ⓧ,4244
F9cb1,隲,125587
F9f7d,Ⓧ,125587
F9470,㠓,4244
Ffe6b,籞,125587
Ffdd9,絍,4244
F9fe4,擕,4244
F83e4,䐈,125587
F9ed2,Ⓧ,4244
F91ca,肨,125587
F8361,𤷍,4244
F99d6,Ⓧ,125587
F97dd,逷,4244
Ffb4d,癀,125587
F917d,廻,125587
F9547,䬫,4244
F965a,槩,125587
F8472,𣄮,4244
Ffcc5,䭞,125587
F98a5,Ⓧ,125587
F9aee,Ⓧ,4244
Ffc70,揞,125587
F8166,逬,125587
F936d,Ⓧ,4244
Ffe4c,Ⓧ,125587
Ffca9,𢰮,125587
F97ac,Ⓧ,4244
F93d2,㾫,125587
F8461,𧽯,4244
F9ced,𡂜,125587
Ffec2,𢮎,125587
F8156,䞓,4244
F9f51,脚,125587
Ffd65,𠌮,125587
F94c1,Ⓧ,125587
F8f5f,Ⓧ,4244
F8f52,憷,125587
F8fa9,Ⓧ,125587
F90b0,疎,4244
Ffa40,Ⓧ,125587
Ffb4c,㕭,4244
F8455,䜊,125587
F94cd,㑟,4244
F98ac,嫐,125587
Ffe66,籄,125587
F95c5,䭕,125587
F8764,Ⓧ,4244
Ffcbc,𩏠,4244
F97f4,Ⓧ,908526
F8ee4,Ⓧ,4244
F93ea,Ⓧ,908526
9c4d,Ⓧ,482876
F9461,栂,4244
F9ca8,輨,908526
F8f4f,Ⓧ,908526
915b,㾑,482876
F97a9,𩈈,908526
F9144,頟,155827
Ffa6d,Ⓧ,4244
F8441,吲,908526
Ffc7e,耻,908526
F94e1,㖴,4244
fe6b,Ⓧ,482876
F90b7,Ⓧ,908526
F9bdd,Ⓧ,908526
Ffccb,Ⓧ,4244
Ffdd6,Ⓧ,155827
815f,䵷,482876
F84a1,𧪘,908526
F9376,Ⓧ,4244
F9464,Ⓧ,908526
9360,Ⓧ,482876
F9841,㷟,908526
9fc0,鴼,482876
F9ed5,Ⓧ,4244
Ffad1,飰,908526
9152,䫬,482876
Fa0db,𤁩,908526
F9fc8,崐,4244
Ffda5,㒤,908526
F81fc,𣻢,908526
9972,癛,482876
F86ce,Ⓧ,4244
Ffa50,䉀,908526
F875b,𩈸,155827
F9cac,Ⓧ,4244
Ffd4e,Ⓧ,908526
F9656,Ⓧ,4244
F9ae6,嘢,908526
F9675,剗,155827
97000000000,Ⓧ,482876
Ffcc1,姕,908526
F9fad,Ⓧ,4244
F99c1,Ⓧ,908526
907c,収,482876
F95d3,䣠,155827
F90c5,Ⓧ,908526
Ffe61,𥴩,155827
F9dd5,睺,4244
F85c1,Ⓧ,89757
8170,㾍,482876
F9645,囐,908526
feaa,㧤,482876
F9c4c,癴,327431
F8242,Ⓧ,908526
F90e2,寃,908526
F9dc0,Ⓧ,89757
Ffc7b,竾,908526
8e+78,Ⓧ,482876
F81e6,𢾊,908526
F836a,𣧉,327431
Ffb57,𤌯,908526
fdaa,Ⓧ,482876
F9ff0,㕑,908526
Ffeb9,緽,908526
F83e4,䐈,89757
9a55,娬,482876
F9677,Ⓧ,327431
F86c5,Ⓧ,155827
F9de0,Ⓧ,125587
fc57,䘼,482876
F916c,㾮,125587
F8e6d,攈,89757
Ffa7c,Ⓧ,125587
8563,臶,482876
F9de7,Ⓧ,155827
9dd1,Ⓧ,482876
F9065,埪,125587
F99ba,Ⓧ,125587
Ffbec,Ⓧ,155827
F95f5,Ⓧ,327431
F9bac,酰,155827
Ffe69,Ⓧ,125587
F84f4,𧿉,125587
F8f52,憷,155827
F9f64,蚦,89757
9b6a,葜,482876
F90a4,Ⓧ,155827
F90b2,Ⓧ,908526
Ffd68,Ⓧ,908526
9773,Ⓧ,482876
Ffbd2,Ⓧ,908526
F9ef7,Ⓧ,89757
F85a1,Ⓧ,155827
F97e1,Ⓧ,908526
a0b6,Ⓧ,482876
F98ba,Ⓧ,908526
Ffaea,Ⓧ,908526
9fb6,獕,482876
F8355,槪,155827
F83b0,𠳾,908526
F9c44,Ⓧ,89757
Ffb53,鵶,908526
9858,Ⓧ,482876
Fa0a9,Ⓧ,908526
F9160,㾝,155827
F9a53,焫,908526
fddb,絥,482876
F9cae,侊,89757
F99e5,桕,155827
F9be2,Ⓧ,908526
99ef,Ⓧ,482876
F9e57,Ⓧ,908526
94de,Ⓧ,482876
F9cf3,鐥,908526
F99ee,稉,908526
Ffaae,Ⓧ,908526
9cac,Ⓧ,482876
F9bb0,䇽,908526
F906b,剓,89757
9ea1,Ⓧ,482876
F9d55,𠲺,908526
Ffe50,䈄,908526
9359,澁,482876
F84cb,䯝,908526
98ec,Ⓧ,482876
Ffa61,Ⓧ,89757
F9af2,Ⓧ,125587
F856c,Ⓧ,125587
Ffda9,䰾,125587
F9ba6,剠,125587
F90ea,Ⓧ,327431
90c7,Ⓧ,482876
Fa0f0,𠈰,125587
fbc8,Ⓧ,482876
Ffbc9,㲒,908526
fa69,Ⓧ,482876
F96cc,弙,908526
F966c,Ⓧ,327431
9b6a,葜,482876
F9be6,Ⓧ,908526
F8553,Ⓧ,908526
Ffdc8,鱤,908526
86a1,𪔴,482876
F9ab5,罇,908526
F9556,Ⓧ,327431
82a8,Ⓧ,482876
F96d8,Ⓧ,125587
F8463,𣦻,125587
8600,Ⓧ,482876
F95b5,Ⓧ,125587
F90de,蟎,125587
966c,Ⓧ,482876
Ffcd9,秐,125587
F9f4b,Ⓧ,327431
94ba,㩺,482876
F81df,Ⓧ,908526
F95ee,Ⓧ,908526
Ffae1,羓,908526
98da,䒷,482876
F94fe,𡍨,908526
F987c,Ⓧ,908526
910000000,Ⓧ,482876
F98ad,Ⓧ,908526
Ffcca,Ⓧ,908526
98ba,Ⓧ,482876
Fa0f6,Ⓧ,125587
F8564,橺,969175
F9fde,眦,327431
F854d,Ⓧ,125587
9df9,Ⓧ,482876
F9ae0,擪,125587
8ee9,Ⓧ,482876
F9dd4,Ⓧ,125587
F93f3,Ⓧ,89757
F96be,Ⓧ,327431
91ae,Ⓧ,482876
F9c50,Ⓧ,125587
F9ad9,Ⓧ,969175
F93e9,𥻅,125587
F8554,䋫,125587
Ffb78,矃,89757
F9d60,㔣,327431
8fe4,蹽,482876
Ffddb,絥,125587
F83f3,Ⓧ,125587
9674,Ⓧ,482876
F9af9,Ⓧ,125587
94a7,汖,482876
F9edd,梽,125587
Ffdf2,籰,327431
F95cc,攞,125587
F95a9,墶,125587
9657,Ⓧ,482876
95d4,Ⓧ,482876
F98bc,Ⓧ,908526
F84b2,𡛝,908526
F85e3,崐,89757
Fa063,Ⓧ,908526
81f8,Ⓧ,482876
F91b8,笩,908526
F82ac,㘝,969175
9e+47,Ⓧ,482876
Fa0b9,酧,327431
F96ec,覻,908526
fa63,Ⓧ,482876
F8677,澑,89757
F815c,Ⓧ,908526
Ffc4d,Ⓧ,969175
F98c0,稬,908526
9068,磇,482876
F9457,Ⓧ,908526
F99b0,𣧥,908526
fdc2,䀡,482876
F9fe7,Ⓧ,89757
9fc5,贑,482876
F8149,㕻,908526
8f73,栢,482876
F86ed,Ⓧ,89757
F9a4b,㖑,519165
F866d,Ⓧ,908526
F8176,䋾,327431
F9147,頳,969175
F8142,Ⓧ,908526
F9eb3,Ⓧ,89757
96f5,彠,482876
F8f42,Ⓧ,908526
F944d,㯃,908526
83a2,㱄,482876
F814e,Ⓧ,89757
F97be,𩐅,908526
Ffc68,Ⓧ,519165
F9264,Ⓧ,969175
F86e9,䮿,89757
F82c7,𣹤,327431
8ec1,䙇,482876
F9669,Ⓧ,125587
F995d,Ⓧ,125587
F96ac,㨮,125587
F8162,崬,519165
F82da,Ⓧ,125587
Ffc4c,Ⓧ,327431
F8eaf,Ⓧ,125587
F9a4d,Ⓧ,969175
Ffc7c,Ⓧ,519165
F9959,Ⓧ,125587
F91c8,㖹,125587
F9d4c,夀,519165
Ffdf0,䌰,125587
9378,Ⓧ,482876
Ffb52,鶓,519165
F814d,姸,327431
F9fdd,賍,519165
F8474,Ⓧ,327431
9842,Ⓧ,482876
Ffd47,𠈶,908526
Ffbb8,Ⓧ,519165
8259,Ⓧ,482876
F8564,橺,969175
F8345,𠟋,908526
F856d,Ⓧ,908526
F984a,莄,327431
Ffa44,Ⓧ,908526
F91e3,㝃,908526
F8375,Ⓧ,519165
9ac6,Ⓧ,482876
F95c0,Ⓧ,908526
F8765,声,519165
F97fb,磮,519165
F9669,Ⓧ,908526
9b47,Ⓧ,482876
F9140,頔,969175
F97d5,鮧,103735
F9a48,Ⓧ,908526
Ffbf3,Ⓧ,519165
F955c,Ⓧ,327431
F9cad,鮌,519165
a0bf,Ⓧ,482876
Ffae8,𥍉,519165
F9ed0,Ⓧ,908526
F9864,Ⓧ,969175
F9058,䗵,908526
84fa,䯛,482876
F97b1,Ⓧ,908526
F946c,𣧲,908526
F9e72,䁫,519165
8fbc,啚,482876
Ffead,㨻,969175
84c2,𠳼,482876
F966a,Ⓧ,908526
F9865,Ⓧ,519165
86d7,Ⓧ,482876
F9c5b,够,908526
F97ae,Ⓧ,969175
Ffba5,Ⓧ,908526
Ffcbe,䭁,519165
860,𢱫,482876
F985c,Ⓧ,908526
F98e3,Ⓧ,519165
Ffaa6,Ⓧ,908526
F854b,Ⓧ,969175
F91d5,犏,908526
F90d4,覒,908526
F86c6,Ⓧ,519165
F9bba,Ⓧ,969175
F8f7b,𣯶,519165
F8157,堘,125587
9d75,橽,482876
F9c60,𣪊,519165
9f58,囬,482876
F9d6e,Ⓧ,125587
F8f4b,𢡉,519165
F99f3,鱂,969175
F82d5,Ⓧ,125587
F99f3,鱂,125587
96ac,Ⓧ,482876
90bb,Ⓧ,482876
F84a8,Ⓧ,125587
F90b4,Ⓧ,519165
99db,Ⓧ,482876
F9c63,詪,125587
F8165,鼈,969175
8567,Ⓧ,482876
F9869,Ⓧ,125587
F9164,Ⓧ,734865
F8577,Ⓧ,519165
F8e55,Ⓧ,125587
F9550,Ⓧ,969175
F9ded,㩙,734865
F9cab,Ⓧ,734865
fbe7,Ⓧ,482876
F86be,Ⓧ,734865
Ffb56,Ⓧ,969175
F834a,Ⓧ,103735
F98f0,剓,734865
F827e,㨼,103735
F94cb,Ⓧ,734865
F85ec,徎,103735
F91b2,Ⓧ,734865
8ebb,劚,482876
8254,腉,482876
F90e3,㖵,734865
F8ee6,Ⓧ,969175
Ffe62,Ⓧ,103735
926f,勐,482876
Ffcd8,Ⓧ,103735
98db,Ⓧ,482876
Fa066,檫,519165
99f0,Ⓧ,482876
Fa0c4,Ⓧ,103735
F9bc1,Ⓧ,519165
8f5c,Ⓧ,482876
F97c9,𪉧,519165
F8375,Ⓧ,103735
F856c,Ⓧ,519165
a06f,鼂,482876
F85e9,Ⓧ,969175
F9f78,覰,103735
F946b,Ⓧ,519165
Ffa4f,Ⓧ,103735
847e,㿷,482876
F82b4,Ⓧ,519165
F85de,Ⓧ,103735
fbaa,𠺕,482876
Ffcae,䘥,519165
F845a,㷮,969175
F86f0,粠,103735
F8372,㐄,519165
F9b70,拞,103735
F97e1,Ⓧ,519165
F8e64,瓄,819641
9faa,𩉍,482876
Ffbe5,変,519165
F8157,Ⓧ,103735
847e,㿷,482876
F91bf,嚱,519165
F9fad,Ⓧ,103735
F99f2,Ⓧ,969175
9070,Ⓧ,482876
F985e,榤,819641
F95ba,嚿,519165
F927c,Ⓧ,103735
99c5,Ⓧ,482876
Fa0a5,Ⓧ,103735
F86c8,Ⓧ,969175
F9c74,Ⓧ,519165
F8ede,Ⓧ,103735
F845a,㷮,103735
faf5,坔,482876
Ffd5e,傗,103735
F9edf,Ⓧ,519165
F86cc,Ⓧ,103735
fec5,Ⓧ,482876
F875e,Ⓧ,519165
F90e3,㖵,103735
F95c4,Ⓧ,519165
85c1,𩾗,482876
Ffe46,Ⓧ,103735
fde2,䋲,482876
F9fce,Ⓧ,519165
F9c59,葢,103735
F8148,䊴,519165
9400000,Ⓧ,482876
Ffbb4,Ⓧ,103735
F836d,Ⓧ,103735
F99b7,Ⓧ,519165
F81c9,䰪,969175
8763,Ⓧ,482876
F98b9,䗿,103735
F8745,Ⓧ,519165
9c64,Ⓧ,482876
F99e5,桕,519165
F854d,Ⓧ,103735
F8efd,慃,819641
F9acb,Ⓧ,519165
8ed5,Ⓧ,482876
F91c3,𦠖,519165
Ffec7,Ⓧ,969175
F82e4,Ⓧ,103735
Ffc6a,Ⓧ,519165
F866d,Ⓧ,103735
Fa0e0,Ⓧ,519165
F9db1,Ⓧ,103735
F8e59,𢶓,519165
Ffd63,Ⓧ,103735
Ffb7b,俥,969175
F85a9,㝪,519165
F9858,Ⓧ,103735
F93e6,𢉟,519165
F85ac,Ⓧ,819641
Fa0cd,Ⓧ,519165
8461,𧽯,482876
8141,鵤,482876
Ffc47,𩉪,819641
F985e,搩,519165
9072,垡,482876
F9f54,踈,103735
F8447,趩,519165
95cb,艍,482876
F9261,Ⓧ,819641
F9d43,Ⓧ,103735
F83cd,㿎,519165
Ffebb,䛴,969175
F9dd9,擪,819641
F97cf,Ⓧ,519165
fb49,Ⓧ,482876
F876c,㸌,819641
F9fdb,Ⓧ,103735
F8edd,𢯫,819641
F8757,Ⓧ,969175
Ffbd8,Ⓧ,519165
F9adc,Ⓧ,819641
F91c8,㖹,519165
F945b,Ⓧ,969175
fbde,䭤,482876
F9b68,Ⓧ,819641
F9164,Ⓧ,327431
F9078,Ⓧ,519165
F9d69,Ⓧ,519165
F81c6,𤊷,519165
F95d0,Ⓧ,327431
9e4e,㛞,482876
F81e6,Ⓧ,103735
F9465,Ⓧ,519165
F9f5e,Ⓧ,327431
F95fc,皷,969175
F9647,玘,103735
F974f,働,519165
F8ff9,Ⓧ,819641
F99e6,㮓,819641
F84ef,様,103735
Ffb67,Ⓧ,327431
Ffcfc,㑋,819641
F81cb,Ⓧ,103735
975f,黗,482876
F864b,𢜲,519165
Ffdfd,䇭,819641
F9dcc,猨,327431
F85d3,僜,519165
F8f49,Ⓧ,103735
F84f8,Ⓧ,819641
F9ddc,Ⓧ,327431
Ffba1,畊,103735
F8360,Ⓧ,519165
F8458,Ⓧ,819641
F8255,䑋,519165
Ffa67,Ⓧ,103735
F9743,塅,819641
F9ae2,㘥,519165
fd7e,Ⓧ,482876
F8372,㐄,103735
F9849,Ⓧ,327431
Ffeed,㨞,819641
F9554,Ⓧ,969175
Ffdf4,𥫱,103735
F83cd,㿎,519165
fbb6,Ⓧ,482876
F8ee9,Ⓧ,103735
F8fbd,Ⓧ,819641
Ffc42,𢭞,519165
F9979,Ⓧ,969175
F8640,𢬻,819641
F95e5,䙠,327431
Ffac0,哹,103735
F9043,厵,519165
82000000000,𩚲,482876
F934e,迹,819641
86c1,Ⓧ,482876
F9be0,鱻,819641
F9ef1,輙,519165
F86d8,Ⓧ,103735
F95bf,Ⓧ,819641
82c0,Ⓧ,482876
F9e5a,Ⓧ,519165
F8469,糭,969175
F866a,Ⓧ,103735
F9170,Ⓧ,819641
Ffcc8,Ⓧ,103735
F83eb,墌,519165
8464,Ⓧ,482876
F96e2,Ⓧ,327431
F9d5a,Ⓧ,103735
Ffcf4,Ⓧ,819641
Ffbe4,Ⓧ,103735
F86c0,碽,327431
F95e0,Ⓧ,969175
F90b6,Ⓧ,103735
9872,Ⓧ,482876
F98da,䒷,819641
F8449,Ⓧ,519165
F9c71,Ⓧ,327431
F8fc5,跔,103735
F926d,Ⓧ,819641
F854b,Ⓧ,327431
F8545,Ⓧ,103735
F907e,Ⓧ,519165
81000,𣒷,482876
F9dce,Ⓧ,819641
9700,䜍,482876
Ffd4e,Ⓧ,103735
F844d,Ⓧ,519165
9ea4,Ⓧ,482876
F8e40,Ⓧ,819641
F91e2,皐,327431
9a6b,Ⓧ,482876
F8540,Ⓧ,819641
F9069,𠗻,519165
F856a,Ⓧ,103735
Fa0bc,厰,519165
F84fe,Ⓧ,819641
9da2,䬬,482876
F8e65,攂,327431
F8463,Ⓧ,103735
Ffe43,筢,519165
F8f60,垻,819641
F905e,Ⓧ,519165
F9f7e,Ⓧ,103735
Ffb68,厓,819641
F9347,膁,519165
F994f,Ⓧ,103735
F82cf,Ⓧ,327431
8f7e,鐴,482876
F9af6,䀹,819641
F9ba1,Ⓧ,103735
F8ef5,𢛛,519165
Fa0fc,晳,819641
fbc6,坮,482876
F9758,㒓,103735
F98a8,揑,819641
F9153,Ⓧ,327431
F96e3,Ⓧ,819641
Ffce4,㐳,103735
F94b0,Ⓧ,519165
F8ec9,襇,819641
fa42,Ⓧ,482876
F95c4,Ⓧ,519165
F996c,㔂,103735
F824d,塠,819641
F8e4b,Ⓧ,519165
F946a,㶬,327431
Fa05a,蝰,103735
F81d9,Ⓧ,519165
F8771,Ⓧ,819641
F82cc,䊀,103735
F95c1,Ⓧ,327431
Ffac0,哹,819641
F85fb,Ⓧ,103735
F9045,Ⓧ,103735
F99b2,䀁,819641
F9eab,Ⓧ,519165
F82b8,㥾,103735
9df3,偒,482876
F99b5,Ⓧ,819641
F81bf,Ⓧ,519165
fbab,Ⓧ,482876
F9b71,Ⓧ,103735
F91ca,肨,819641
F967a,Ⓧ,519165
F96dc,埾,819641
F9bb3,Ⓧ,327431
F9863,Ⓧ,103735
Fa04c,Ⓧ,819641
F90a5,Ⓧ,103735
9faf,Ⓧ,482876
F8575,Ⓧ,103735
F8f40,Ⓧ,819641
F9bbf,Ⓧ,519165
9f6b,晗,482876
F98a7,Ⓧ,103735
F924c,𣾴,327431
F97e8,Ⓧ,819641
F82f7,䜇,519165
F97cc,䥢,103735
F82fe,嵓,103735
F9c78,袿,519165
F9f5c,晣,819641
F8352,㪃,327431
F94eb,Ⓧ,103735
F906c,佊,819641
F826c,Ⓧ,103735
F9ce9,鱅,327431
F93e9,Ⓧ,819641
F9d65,嗸,103735
Ffe78,拃,519165
F84ba,Ⓧ,819641
Ffed3,Ⓧ,327431
F81f9,Ⓧ,103735
F8ebb,劚,519165
F93d4,Ⓧ,819641
F9cd6,决,103735
Ffce8,𠆵,519165
Ffee3,搲,327431
F8354,Ⓧ,103735
F9be9,䤼,519165
F9575,㗨,103735
F86bc,Ⓧ,819641
Ffa49,Ⓧ,519165
986c,Ⓧ,482876
F936d,Ⓧ,519165
Ffcf3,佂,908526
F9ba5,鬜,103735
Ffedb,𢯰,519165
F92a7,鰵,908526
F9149,Ⓧ,819641
Ffc58,箢,908526
F82b0,Ⓧ,103735
F9954,㑁,819641
9b7e,Ⓧ,482876
F994a,Ⓧ,103735
a045,䀩,482876
F9662,Ⓧ,103735
F9ec6,Ⓧ,908526
Ffa4d,𠂔,819641
F9ee0,穉,519165
F9eb9,Ⓧ,103735
F9a48,Ⓧ,908526
F91f8,杘,819641
F9646,譍,519165
Ffb47,潵,908526
F9441,牀,103735
F8764,Ⓧ,819641
F9b7b,斵,908526
F9bd1,Ⓧ,103735
F8270,㜮,519165
F94ae,㠮,819641
fb6f,𧮙,482876
F93d5,Ⓧ,103735
F9e75,Ⓧ,819641
F9aed,Ⓧ,519165
F8450,Ⓧ,103735
F84a2,龡,819641
F94b6,Ⓧ,103735
9b55,Ⓧ,482876
F876c,㸌,720988
Ffb7b,俥,819641
F86d4,Ⓧ,103735
F84ac,Ⓧ,103735
Ffdb8,鰌,819641
fd41,Ⓧ,482876
F9571,Ⓧ,103735
F8f5f,Ⓧ,819641
915e,㾔,482876
F9b68,Ⓧ,103735
F9b4e,Ⓧ,819641
faf9,𨥉,482876
F86d5,Ⓧ,103735
F96a6,甙,720988
F9fbd,Ⓧ,908526
F9752,Ⓧ,819641
904b,蟮,482876
F9d6b,Ⓧ,103735
F97b2,𠴲,327431
F8446,Ⓧ,819641
F81f8,Ⓧ,908526
F8ec3,䙅,103735
82dd,𥀱,482876
F82bf,㖮,908526
F91f3,Ⓧ,819641
Ffea9,Ⓧ,103735
F9fb4,Ⓧ,908526
F9cf5,Ⓧ,103735
F9bcc,屟,819641
fdfd,䇭,482876
Ffdf5,Ⓧ,908526
F9478,帞,908526
9de2,婣,482876
Ffe4a,Ⓧ,819641
F84ad,𩃕,908526
F9e65,Ⓧ,20961
F847a,甤,103735
F8770,Ⓧ,908526
F99e3,Ⓧ,819641
F86d9,Ⓧ,908526
Ffb62,鬏,103735
F84e1,𩈏,908526
F81ea,Ⓧ,819641
Ffb74,Ⓧ,908526
F8140,䭑,819641
F85d1,諪,908526
Ffbfc,Ⓧ,819641
F9d7e,Ⓧ,908526
F8471,Ⓧ,20961
F9eb7,桊,908526
F86f6,Ⓧ,819641
Ffadf,Ⓧ,103735
F85ac,𠍹,908526
Ffdf3,籱,819641
F9fed,㶑,103735
F8640,𢬻,908526
F86f7,Ⓧ,103735
F8175,詉,103735
F86b8,Ⓧ,819641
F98c9,孼,908526
Ffb7b,俥,20961
F9c52,咹,819641
Ffa78,Ⓧ,103735
F994b,挒,908526
Ffcca,Ⓧ,819641
Ffd4f,偖,908526
F98e4,漤,103735
F9550,Ⓧ,819641
F9fec,Ⓧ,103735
F8654,Ⓧ,819641
F9253,Ⓧ,103735
F825b,Ⓧ,20961
Fa072,猬,103735
F8446,Ⓧ,908526
F8ffb,㩄,103735
F9f4d,Ⓧ,819641
F9073,Ⓧ,908526
F9aed,Ⓧ,103735
F82fa,Ⓧ,819641
F8fe3,䠡,908526
F8f57,懝,908526
F9674,Ⓧ,819641
F9b7e,Ⓧ,103735
F98d1,Ⓧ,103735
F83a7,Ⓧ,819641
F9ad2,Ⓧ,908526
F9dda,Ⓧ,819641
F9457,Ⓧ,908526
F9e5b,Ⓧ,819641
Ffb40,Ⓧ,908526
F97e9,Ⓧ,103735
F8769,Ⓧ,819641
F99a3,Ⓧ,908526
F82e7,Ⓧ,103735
F8f74,Ⓧ,819641
F9fc3,歀,908526
9874,Ⓧ,482876
F8f56,㦟,103735
F834b,䭳,819641
F965e,Ⓧ,908526
F8462,Ⓧ,103735
F99c7,Ⓧ,327431
F9c41,躶,819641
F83fa,𨗦,908526
F824b,Ⓧ,103735
F9164,𢳧,419113
82d7,Ⓧ,482876
F9654,Ⓧ,908526
F8440,鵮,819641
F9657,Ⓧ,908526
Fa04a,藼,103735
Ffa6a,𣸉,908526
F85bd,Ⓧ,819641
F846e,Ⓧ,20961
fb45,Ⓧ,482876
F9c7c,椶,908526
F95fe,Ⓧ,819641
F9fc5,贑,20961
Ffd72,Ⓧ,103735
F9a4f,Ⓧ,908526
F8372,㐄,327431
F86f6,Ⓧ,819641
F9ff8,輡,908526
Ffbdf,䘃,20961
Ffccb,Ⓧ,103735
8ffa,Ⓧ,482876
F9b5f,Ⓧ,908526
F81b7,Ⓧ,103735
F9c4b,Ⓧ,908526
F9b6d,娎,20961
F8ee1,Ⓧ,819641
Ffdb3,𩸓,419113
F8268,Ⓧ,908526
85c2,Ⓧ,482876
F9f78,覰,20961
F8750,詽,103735
F99b1,咴,103735
81f7,㬚,482876
F91d3,鼟,908526
F8244,Ⓧ,20961
F97cc,䥢,103735
F97a4,Ⓧ,419113
F935f,Ⓧ,819641
9662,Ⓧ,482876
F85d7,䟾,103735
F9857,Ⓧ,908526
F97dd,逷,327431
F85f2,Ⓧ,103735
F91b4,鉕,908526
F81d5,Ⓧ,819641
Fa0a8,Ⓧ,20961
F97c2,畓,103735
F8376,Ⓧ,327431
F9de2,婣,819641
F8f7a,㘹,103735
F82a3,Ⓧ,908526
F9ff8,輡,908526
F93fe,腀,20961
F85d7,䟾,327431
F96ba,茋,908526
F9ade,羴,908526
F91da,吚,20961
F98c6,衂,819641
F9976,圝,908526
F865e,㟍,20961
9cc9,醌,482876
Ffc64,Ⓧ,908526
F9847,Ⓧ,103735
F826e,䎜,20961
F9acb,Ⓧ,908526
Ffb52,鶓,103735
F9276,粬,908526
F8249,𤷿,327431
F975b,Ⓧ,819641
F84c0,𩆅,908526
F9aa3,䔧,103735
F85e1,Ⓧ,908526
F8241,Ⓧ,819641
F9847,樋,327431
F9eb4,㯋,908526
F99dc,訆,906799
F91b4,鉕,908526
F9474,㵟,103735
F9b62,Ⓧ,819641
F9879,Ⓧ,103735
F96de,Ⓧ,908526
F9fda,Ⓧ,819641
F855e,Ⓧ,908526
F9eb4,㯋,908526
F8eb1,䞋,103735
F97e8,Ⓧ,819641
F94bb,Ⓧ,908526
Ffa7d,Ⓧ,906799
Ffbd6,Ⓧ,819641
F97e5,Ⓧ,103735
F94e5,Ⓧ,908526
F99c0,Ⓧ,103735
F8fc6,䟬,819641
F9fe9,䉶,908526
F8ed4,Ⓧ,103735
F9e4f,Ⓧ,906799
F85af,㠉,819641
Ffbb8,Ⓧ,103735
F9642,Ⓧ,819641
F84cf,Ⓧ,103735
F8fa3,偹,906799
F83e4,䐈,819641
F8170,㾍,103735
F8250,Ⓧ,906799
F9dd8,Ⓧ,819641
F94cc,䀟,103735
F9cb4,咔,906799
F83a6,㖤,103735
F9ccc,Ⓧ,819641
F9643,Ⓧ,103735
F8771,Ⓧ,906799
Ffaf5,坔,819641
F9d6a,倐,103735
F9c48,Ⓧ,906799
F99e4,𥕥,327431
F83d9,Ⓧ,819641
F99ca,Ⓧ,125587
F9ef9,Ⓧ,906799
Fa0ba,醻,103735
F96fe,Ⓧ,125587
F86a4,㬡,819641
F97e4,覥,327431
F97af,Ⓧ,125587
F9bae,Ⓧ,819641
F935d,𥩙,327431
Ffbfa,Ⓧ,125587
Ffa45,Ⓧ,819641
F9646,譍,125587
F946a,Ⓧ,103735
F9d54,Ⓧ,327431
F9ae9,Ⓧ,125587
F954f,Ⓧ,819641
F876d,誵,125587
F9c5c,亁,819641
F976c,墰,327431
F85a6,Ⓧ,125587
F96c9,Ⓧ,20961
F8eec,Ⓧ,125587
F9e70,Ⓧ,819641
F82b8,㥾,20961
Ffa4c,Ⓧ,125587
F9fc0,鴼,819641
F9fc5,贑,327431
F9140,頔,125587
Fa0b5,Ⓧ,20961
F9df5,Ⓧ,125587
F9441,牀,125587
F9ab5,罇,125587
F9d79,Ⓧ,125587
96a1,㡿,482876
F9a4b,Ⓧ,327431
F846b,㧾,819641
98cd,簕,482876
fcdb,Ⓧ,482876
Ffd4a,䔛,125587
F9251,Ⓧ,327431
F905e,Ⓧ,125587
83b0,𠳾,482876
F9af9,Ⓧ,125587
F975b,Ⓧ,819641
F9ade,羴,125587
8fe8,𨅔,482876
F927a,㝥,125587
F8356,Ⓧ,327431
F81ed,隶,819641
F8fe8,𨅔,125587
fbab,Ⓧ,482876
F9348,Ⓧ,819641
8560,䯧,482876
F98bd,Ⓧ,327431
9462,畆,482876
F98ca,脦,125587
F837c,㖪,327431
F9ca9,Ⓧ,819641
F9bcf,Ⓧ,327431
F8e4f,庿,819641
F95ef,Ⓧ,327431
feac,𢫫,482876
Ffe5f,Ⓧ,819641
F935e,Ⓧ,327431
F9e7b,Ⓧ,125587
9f47,Ⓧ,482876
Fa0bd,Ⓧ,125587
F8158,𢽝,125587
F82e3,𢅎,327431
F84b4,𤔢,125587
9578,啲,482876
F90b8,獁,125587
Ffaa1,Ⓧ,125587
94,𣻇,482876
F81e7,𢿦,125587
8e+75,Ⓧ,482876
F9fe6,Ⓧ,125587
8eaf,饊,482876
Fa064,Ⓧ,125587
8441,吲,482876
81d6,涱,482876
Ffa5b,Ⓧ,20961
F9176,Ⓧ,20961
F8550,Ⓧ,20961
F82a8,Ⓧ,20961
F96ae,Ⓧ,125587
F98bf,穤,125587
F81d1,㼿,125587
F99c6,Ⓧ,20961
F9af3,䵟,125587
F857d,㾈,20961
F9add,䈎,20961
F86f0,粠,20961
F8744,Ⓧ,20961
F82c2,Ⓧ,20961
Ffcf6,㑑,20961
F8348,Ⓧ,20961
F8fb0,髈,20961
F9dae,Ⓧ,327431
F836f,𠶸,327431
Ffa6e,Ⓧ,327431
Ffec7,Ⓧ,327431
Ffed0,Ⓧ,327431
F9978,Ⓧ,327431
F856a,廐,327431
9060,凙,482876
82000000000,𩚲,482876
fd4a,Ⓧ,482876
8eb4,䘤,482876
8f56,㦟,482876
9a75,Ⓧ,482876
8ef4,褃,482876
9af9,Ⓧ,482876
F94bf,Ⓧ,125587
F90a4,Ⓧ,125587
F9f6f,Ⓧ,125587
F9ade,羴,125587
F9c7d,Ⓧ,865529
F936c,蔢,616231
F8faf,Ⓧ,865529
Ffcf2,㑃,616231
F95cb,艍,865529
F85ce,瘬,616231
Ffded,繮,865529
F9355,Ⓧ,616231
F9743,塅,865529
F8fb6,櫎,865529
F98d1,Ⓧ,616231
Ffb4f,䜴,865529
F965c,覌,616231
F9c40,Ⓧ,616231
F95b2,叠,616231
F81a5,㨤,616231
Ffc52,Ⓧ,616231
Ffedf,㪕,616231
F9c4c,癴,616231
F8f64,Ⓧ,616231
F9774,Ⓧ,616231
F8fb3,Ⓧ,616231
Ffcae,䘥,616231
Fa052,Ⓧ,616231
Ffb6f,𧮙,616231
F85fe,𠴾,616231
F9073,Ⓧ,616231
F9e66,Ⓧ,616231
F9fd7,Ⓧ,616231
F9753,Ⓧ,616231
Ffb7e,𤆬,616231
F9cc5,鞟,616231
F9aa6,Ⓧ,616231
F93d8,缻,616231
F9ab2,辠,616231
F90dd,㘆,327431
F9d43,Ⓧ,616231
F9b57,Ⓧ,327431
F81d0,眮,616231
F827a,㖨,327431
F9dfc,Ⓧ,327431
F8ed1,Ⓧ,616231
F8768,㭾,327431
F81bc,䦪,616231
F8541,Ⓧ,616231
F86e7,𠢱,327431
Ffdda,絚,327431
F8f51,懀,616231
Ffbae,墭,616231
F93e5,Ⓧ,327431
F9072,Ⓧ,616231
F9bea,㳄,327431
F9feb,塩,616231
F91a5,咟,616231
F9ad6,䥄,327431
F9bdb,Ⓧ,616231
F875b,𩈸,616231
F84ee,橒,327431
F99c8,䟉,616231
Ffbef,Ⓧ,327431
F9fb1,Ⓧ,616231
F9155,㽱,616231
Ffd6b,㒈,327431
Ffec2,𢮎,616231
Fa056,Ⓧ,327431
Ffbf2,Ⓧ,327431
F82c4,Ⓧ,616231
F9062,䏒,616231
Ffc42,𢭞,327431
F8159,Ⓧ,616231
Fa0a3,𣣶,616231
F97b8,𣢯,616231
F9456,Ⓧ,616231
F827a,㖨,327431
F82db,Ⓧ,616231
Fa057,Ⓧ,327431
Fa0f9,Ⓧ,616231
F9346,毪,327431
F9d41,Ⓧ,616231
Ffe69,Ⓧ,327431
F99af,Ⓧ,616231
F94d0,㵒,327431
F84c7,Ⓧ,616231
F85c7,𠲍,616231
F96a1,㡿,327431
F94c0,Ⓧ,616231
F917c,𠧞,616231
F9747,Ⓧ,616231
F8355,槪,616231
F96e4,Ⓧ,616231
F9cd8,㵐,327431
F8353,焅,327431
F8f63,鋬,616231
F9dcd,Ⓧ,327431
F84d6,𠶾,327431
F82b8,㥾,616231
F98c4,耥,327431
F865a,哰,616231
F95c6,Ⓧ,712246
Ffacb,Ⓧ,616231
F8e6e,Ⓧ,616231
F91ed,䯡,327431
F9f4b,Ⓧ,616231
F90a9,Ⓧ,327431
F9bce,禼,616231
F9eab,Ⓧ,327431
Ffd58,Ⓧ,327431
F98b0,Ⓧ,327431
F97e6,䩥,616231
F8167,Ⓧ,327431
8faa,Ⓧ,482876
F96aa,Ⓧ,616231
9054,㬠,482876
97ed,吢,482876
F96c1,輭,616231
F907b,攵,327431
9053,𧍪,482876
F8274,䕼,616231
996e,Ⓧ,482876
F95df,熋,327431
Ffdf4,𥫱,616231
F866e,㽝,327431
8f4e,㦘,482876
Fa04f,遀,616231
F9bd6,褏,327431
F8f5c,Ⓧ,616231
a0bf,Ⓧ,482876
F906a,𦘹,327431
Ffeb6,挷,616231
F97a7,𨋐,712246
9dd3,Ⓧ,482876
fcaf,Ⓧ,482876
F84c1,𠻣,616231
F97d7,䄺,712246
F9c71,Ⓧ,616231
F9d5e,Ⓧ,327431
98a7,Ⓧ,482876
F96e6,隥,616231
F8664,Ⓧ,327431
F9572,媍,616231
Ffecf,Ⓧ,712246
83b6,𦕷,482876
F8fcf,𨁸,616231
Ffcab,癍,327431
F90f0,Ⓧ,616231
Ffaab,Ⓧ,616231
F8ea4,賛,712246
81b4,𨨰,482876
F85e6,Ⓧ,616231
90c0,橅,482876
F94d8,䭯,712246
F926c,懜,616231
Ffc7b,竾,712246
F93d3,𣸇,712246
F9adc,Ⓧ,616231
F9763,Ⓧ,712246
F9348,Ⓧ,616231
F9858,Ⓧ,712246
F96a2,蛼,616231
F86be,𦪧,712246
Ffbab,Ⓧ,448913
Ffb66,嵖,616231
F8fd3,Ⓧ,327431
F96fb,𣑫,712246
F96a2,蛼,616231
F84bc,Ⓧ,327431
F8145,㛺,712246
F90af,Ⓧ,448913
F8f4c,Ⓧ,327431
F9baa,噏,616231
F97c8,Ⓧ,712246
F8678,Ⓧ,616231
F98d2,Ⓧ,616231
F8773,Ⓧ,712246
F9046,𧌂,616231
F905b,𨆱,327431
F9eb4,㯋,712246
F8eac,賶,327431
F90a1,幞,616231
F96f6,Ⓧ,712246
F9ef2,㵓,616231
F9d54,Ⓧ,712246
F9d6b,Ⓧ,616231
F82f2,㢧,712246
F94d2,Ⓧ,616231
F90a2,菐,327431
Fa076,Ⓧ,712246
F8f6b,䶕,616231
F84de,呝,712246
Ffe40,筕,327431
F9c6d,Ⓧ,616231
F9156,Ⓧ,712246
F9da8,Ⓧ,616231
F84a4,𥻥,712246
F8e72,Ⓧ,616231
F9af6,䀹,712246
F9ffc,㙳,327431
F94c0,Ⓧ,616231
F83c7,秿,327431
F97b6,㩜,616231
F98d8,刦,327431
F84df,𠸄,712246
F98ef,𦬬,616231
F9af9,Ⓧ,616231
Ffc49,Ⓧ,712246
F9fde,眦,616231
Ffce4,㐳,712246
F9cf7,Ⓧ,616231
Ffe58,篗,327431
F95bc,𠻥,712246
F93d9,𠌫,616231
F99ae,耲,712246
F9641,Ⓧ,327431
F95f5,Ⓧ,616231
F8f6b,䶕,712246
F9867,Ⓧ,616231
F9a72,愰,712246
Ffc7a,𦯐,327431
F9af6,䀹,712246
F9bd0,疎,616231
Ffa7c,Ⓧ,616231
F9eca,䬷,327431
F9362,Ⓧ,712246
Ffe4f,箒,616231
F8eac,賶,712246
F9fc8,崐,712246
F91f9,𣑫,327431
F9053,𧍪,712246
F98c6,衂,327431
F83e3,Ⓧ,712246
F9ed7,Ⓧ,712246
Ffe70,Ⓧ,616231
F9d4c,夀,327431
F86f4,𢂁,327431
F81eb,厾,616231
F815e,Ⓧ,712246
F9ee3,熓,327431
F9178,癨,616231
Ffaa3,Ⓧ,712246
Ffb78,矃,327431
F93d6,獱,616231
F9542,鼗,712246
F95fd,Ⓧ,616231
Ffc6d,䱵,712246
F9b77,Ⓧ,616231
F9c43,Ⓧ,712246
F82bc,𣚎,616231
Ffb61,䛽,327431
F9b5a,𧿉,712246
F9e73,鸌,616231
F84d6,𠶾,616231
F81df,罀,327431
F86f3,亀,712246
Ffb63,瘂,616231
F8767,碦,712246
Ffeba,𢭀,327431
Ffcef,佋,616231
F9262,Ⓧ,327431
F85c2,Ⓧ,712246
F8f7a,㘹,616231
F84e6,㝱,616231
F81c0,謟,616231
Ffd7c,飸,327431
Ffc5f,烖,616231
F85b3,𦙭,327431
F94e2,Ⓧ,616231
Ffafb,Ⓧ,712246
F9872,Ⓧ,616231
F90fc,橰,712246
F8e4f,庿,327431
Ffcc4,Ⓧ,712246
Ffbbb,桳,616231
F96e3,Ⓧ,712246
Ffadc,揬,327431
F85e1,Ⓧ,616231
F9ff5,Ⓧ,712246
F84eb,Ⓧ,616231
F9069,𠗻,712246
F8f65,䥯,327431
Ffb55,𤏸,712246
F9d50,㣛,616231
F8158,𢽝,712246
F9370,Ⓧ,327431
F9b74,Ⓧ,616231
F8559,𥥟,327431
Ffaf4,Ⓧ,712246
F99ad,Ⓧ,616231
F9c67,Ⓧ,327431
F8341,䜙,616231
F8259,Ⓧ,327431
F9450,䰍,712246
F9e4d,Ⓧ,327431
F93d2,㾫,616231
F8379,Ⓧ,616231
F9c4d,Ⓧ,327431
F8167,Ⓧ,616231
F99cd,Ⓧ,712246
F96db,Ⓧ,327431
F99d1,Ⓧ,616231
Ffd55,Ⓧ,712246
F98a7,Ⓧ,616231
Ffed7,𢯫,327431
Ffdee,𦅗,712246
Ffab9,Ⓧ,616231
F94b1,搻,327431
F84f3,肟,712246
F86dc,Ⓧ,712246
F94b4,𠽢,327431
F9cba,Ⓧ,616231
Ffbe9,𥡥,712246
F84c2,𠳼,327431
F90d0,Ⓧ,616231
F82d2,垎,616231
F81a7,Ⓧ,712246
F9171,𤸸,327431
F9dfd,敭,616231
F86c5,Ⓧ,616231
Ffecb,㧿,327431
F9f70,Ⓧ,712246
F954f,Ⓧ,616231
F9e5a,Ⓧ,712246
Ffca7,砛,616231
F99a6,Ⓧ,712246
F93f6,𧺺,616231
Ffd40,Ⓧ,712246
Fa05f,Ⓧ,616231
F8ead,Ⓧ,712246
F86a5,Ⓧ,712246
F9164,Ⓧ,712246
F9ae6,嘢,616231
F98d2,Ⓧ,616231
F9ff9,Ⓧ,712246
F93d1,Ⓧ,616231
F98ae,Ⓧ,712246
Ffba9,邨,616231
F82bc,𣚎,616231
F9277,Ⓧ,616231
Ffba4,Ⓧ,712246
F876f,倄,616231
F9c6b,㹴,712246
F97ae,Ⓧ,616231
Ffe48,Ⓧ,616231
F9fdd,Ⓧ,712246
F8772,豿,616231
F94f6,Ⓧ,712246
F81b4,𨨰,616231
F827b,樚,616231
F86f6,𢂽,712246
F9d7e,Ⓧ,616231
Fa056,Ⓧ,712246
F91e7,Ⓧ,616231
F8f7c,錇,712246
F8748,Ⓧ,616231
F91eb,箆,712246
Ffcce,Ⓧ,616231
F944d,㯃,712246
F9ff3,Ⓧ,616231
Ffcc6,㴷,712246
F814a,沯,616231
Ffc61,𧑈,712246
F855e,Ⓧ,616231
F9c56,䑦,712246
Ffbd2,Ⓧ,616231
F9c4f,Ⓧ,712246
Ffab6,㧳,616231
F83ab,Ⓧ,712246
F9fd4,Ⓧ,616231
Ffdbe,鰚,616231
F9ef9,Ⓧ,616231
F8eeb,Ⓧ,712246
F956b,麱,616231
Ffc72,Ⓧ,712246
Ffa47,Ⓧ,616231
Fa056,Ⓧ,616231
F84f1,哯,712246
Ffafd,瞘,712246
Ffdd0,纉,616231
F9ce4,Ⓧ,712246
F92a5,㥏,616231
F9964,Ⓧ,580155
F8ec2,Ⓧ,616231
F8159,Ⓧ,616231
F93ee,𥦸,616231
F90e3,㖵,616231
Ffd7c,飸,580155
F98e9,Ⓧ,616231
F964e,蕋,616231
Ffbb7,Ⓧ,580155
F90b1,蟇,616231
F94b3,Ⓧ,616231
Ffab9,Ⓧ,616231
Ffd46,Ⓧ,616231
F9fa5,䜑,616231
F83d3,Ⓧ,616231
F8fd0,𨁺,616231
F85b4,𣿅,616231
Ffbaa,𠺕,616231
F9ee8,Ⓧ,616231
F904d,𧌉,616231
Ffcf9,Ⓧ,616231
F91c1,熕,616231
F9c4d,Ⓧ,616231
F864b,𢜲,800429
F90e7,餄,800429
Ffa4f,Ⓧ,800429
Fa0b7,Ⓧ,800429
F944d,㯃,800429
F82f7,Ⓧ,800429
F8376,Ⓧ,800429
F9448,堘,800429
F9cde,㽐,800429
F977a,鴡,800429
F9648,Ⓧ,800429
F91a1,𠲡,800429
F8f57,懝,800429
F9669,Ⓧ,800429
F96cd,㮣,800429
F86ef,綗,800429
F81d7,㓾,800429
F847d,Ⓧ,800429
F8f71,餶,800429
F9054,㬠,800429
F94af,𢪋,800429
Ffd73,Ⓧ,800429
F90f1,䆲,800429
F8fbd,Ⓧ,230467
Fa0c3,Ⓧ,230467
F9d69,Ⓧ,230467
Ffcaf,螠,230467
F86fa,Ⓧ,230467
F956a,䴸,230467
F9eca,䬷,230467
Ffbb4,Ⓧ,230467
F8ed8,Ⓧ,230467
F855a,Ⓧ,230467
F84a1,Ⓧ,230467
F9ed1,㪕,866497
F8579,𤟞,866497
F8ec2,Ⓧ,866497
F9aa6,Ⓧ,866497
F91e4,Ⓧ,866497
F8fe9,躃,866497
F97c7,頢,866497
F964e,蕋,866497
Ffc5a,𨂿,866497
F81b2,䜻,866497
F915c,㾏,866497
F9ecf,矁,866497
F915a,𤶀,866497
F8e44,𢳄,866497
Ffdda,絚,866497
F99ce,䖼,866497
F954a,𠷂,866497
F8f66,稭,866497
F86c9,Ⓧ,866497
F95fa,巗,866497
F946f,Ⓧ,866497
F8e4e,𢴲,866497
F91c3,𦠖,866497
F90a1,幞,866497
F9dfb,Ⓧ,866497
Ffca2,Ⓧ,866497
F9cb4,咔,866497
F9dea,Ⓧ,866497
F9f5a,姹,866497
F8fcc,䟹,866497
F99bb,Ⓧ,866497
F9e4f,Ⓧ,866497
F9aef,懛,866497
F99bd,Ⓧ,866497
F84c4,朞,866497
F9361,着,866497
Ffb54,Ⓧ,866497
F927e,𥉐,866497
F91e9,Ⓧ,866497
F84f5,扝,866497
Fa051,Ⓧ,866497
F9cf2,鿃,866497
F824b,Ⓧ,866497
F8f5e,䎱,866497
F8ead,Ⓧ,866497
F9dfd,敭,866497
Ffb71,Ⓧ,866497
Ffab3,Ⓧ,866497
F95ce,Ⓧ,866497
F82a9,Ⓧ,866497
F98c5,䶊,866497
F91c0,鬪,866497
Ffecc,Ⓧ,866497
F9842,煺,866497
F8670,𦡃,866497
F95ef,Ⓧ,866497
Ffec5,Ⓧ,866497
F93ef,Ⓧ,866497
F95d7,毱,866497
F86ae,䉪,866497
F84ce,㳬,866497
F926b,瞖,866497
F90a8,Ⓧ,866497
F9ff7,敂,866497
F9365,Ⓧ,866497
Fa068,Ⓧ,866497
Ffbd9,鐾,866497
F96cf,Ⓧ,866497
F83c6,Ⓧ,866497
F9253,Ⓧ,866497
F81f0,豘,866497
F9148,顇,866497
F8fc8,𨀞,866497
F8fca,㘺,866497
F9cde,㽐,866497
Ffbdb,䱪,866497
F98bf,穤,866497
F9cee,氊,866497
Ffdf5,Ⓧ,748304
F9a4a,Ⓧ,866497
F83ab,Ⓧ,866497
Fa0ad,揦,748304
F94da,𧺾,866497
F9af9,Ⓧ,866497
F996a,Ⓧ,866497
F9450,䰍,866497
F8e66,㩧,866497
F81a3,㱿,866497
Ffeab,㧥,866497
Ffad3,Ⓧ,866497
F9c44,Ⓧ,866497
Ffbac,Ⓧ,866497
F8653,Ⓧ,866497
Ffa7e,Ⓧ,866497
F926f,勐,866497
F8ecf,Ⓧ,866497
F905e,Ⓧ,908526
Ffa4e,Ⓧ,866497
Ffee5,Ⓧ,908526
F9a44,Ⓧ,866497
F846a,鯼,908526
F98f1,㔏,908526
F8466,宱,866497
Ffaf2,𦒐,908526
F9edc,㧦,866497
F8142,Ⓧ,908526
F8279,𦗳,866497
F97e4,覥,866497
Ffd4d,䒼,908526
F9bb2,憙,866497
F9e74,蜽,908526
F99ae,耲,908526
F9964,Ⓧ,866497
F9feb,塩,866497
F81ba,𦵸,866497
F97b2,𠴲,866497
F81a4,𥒳,866497
F944f,Ⓧ,866497
Ffbda,𠞉,866497
F9da1,𦗖,866497
Ffda1,Ⓧ,866497
Ffdd7,紪,866497
F9bd2,㩗,702148
Ffdf5,Ⓧ,908526
Fa0d3,𣙀,908526
F94e9,㑤,702148
F98ae,Ⓧ,702148
Fa0e0,Ⓧ,702148
F9567,Ⓧ,702148
F8ec7,褿,702148
F9260,䩌,702148
F9aa7,㦸,702148
F9860,謿,702148
F9471,Ⓧ,702148
F94a2,Ⓧ,702148
F9fbd,Ⓧ,702148
F83db,𥈤,702148
9d53,䞩,482876
9677,Ⓧ,482876
84dd,譮,482876
Ffdf3,籱,847332
F84d7,𡄆,420492
F8442,㵾,847332
F9553,㧺,847332
F9774,Ⓧ,847332
F81ca,矀,847332
F9bb4,Ⓧ,847332
F936e,㿺,847332
F9e6f,Ⓧ,395925
F906e,鮍,395925
F95cd,Ⓧ,395925
Ffda3,Ⓧ,395925
F826e,䎜,395925
F8248,Ⓧ,395925
F8742,誐,395925
F81ac,Ⓧ,395925
F8740,䵪,395925
F94e6,Ⓧ,395925
F97bf,䐶,395925
F9d75,橽,395925
F9a71,Ⓧ,395925
F864b,𢜲,395925
F9e68,Ⓧ,395925
F83bc,𢷓,395925
Fa05b,膭,395925
F9ec9,Ⓧ,395925
F967d,䟻,395925
F81ea,Ⓧ,395925
8660,𡿝,866497
93ee,𥦸,866497
8376,Ⓧ,866497
97000,畑,866497
9ae0,擪,866497
a0f1,帬,866497
9256,Ⓧ,866497
97fa,勅,866497
91a2,Ⓧ,866497
9fd0,Ⓧ,866497
91c7,Ⓧ,866497
86d5,Ⓧ,866497
fa41,Ⓧ,866497
8558,㷄,866497
F906d,Ⓧ,866497
Ffd7c,飸,535195
F96b5,Ⓧ,866497
F96d5,Ⓧ,866497
Ffd59,偔,866497
F9abd,揔,866497
F86a6,𣌟,866497
F8545,Ⓧ,535195
F98d0,倈,866497
F90b5,Ⓧ,866497
F8ef5,𢛛,535195
F9242,猸,866497
F9bad,鏭,866497
F82dc,焵,535195
F8fa9,Ⓧ,535195
F845e,𣠜,312330
F8ede,Ⓧ,908526
F8f56,㦟,908526
F9762,𨈜,908526
F98cf,餎,908526
F9da4,鍈,505817
F825c,𣐞,463687
Ffac1,Ⓧ,463687
F8eec,Ⓧ,463687
F8158,𢽝,463687
F9ddd,灧,463687
F82a4,藔,463687
F94d9,冸,463687
Ffc74,啙,463687
Fa0a1,䶅,463687
F916d,瘇,463687
F93fc,㣒,463687
Ffe59,Ⓧ,463687
F8ef6,𢜬,463687
Ffbd0,Ⓧ,463687
F84c9,Ⓧ,463687
Ffb65,䜇,463687
F90c4,Ⓧ,463687
F8569,Ⓧ,463687
F935f,Ⓧ,463687
F9867,Ⓧ,463687
F95e9,Ⓧ,463687
Ffb7c,Ⓧ,463687
F9eb2,Ⓧ,463687
F99a3,Ⓧ,463687
F99c4,Ⓧ,463687
F9856,Ⓧ,125587
F914d,𩔞,463687
Ffc78,Ⓧ,463687
F8e79,Ⓧ,463687
F81c7,Ⓧ,463687
F86c5,Ⓧ,463687
Ffc53,Ⓧ,463687
Ffaf3,𠸢,463687
F94b3,Ⓧ,463687
F8ea4,賛,463687
Ffe73,㧌,463687
F9bae,Ⓧ,463687
F8e5f,㩚,463687
Ffd46,Ⓧ,463687
Ffebe,㧻,463687
Ffade,凭,463687
F94fe,𡍨,463687
F84d2,Ⓧ,463687
Ffeec,Ⓧ,463687
F9a6a,鯶,463687
F9ef4,𩯲,463687
Ffb71,Ⓧ,463687
F9f44,蓡,463687
F95e2,訦,463687
F85aa,Ⓧ,463687
F82dd,𥀱,463687
F9d77,墒,463687
F98f0,剓,463687
F84a3,𠱡,463687
F9ab3,䰖,463687
F8f69,Ⓧ,463687
F94f4,Ⓧ,463687
F8f5a,Ⓧ,463687
Ffeb9,緽,463687
F9e69,Ⓧ,463687
F91a6,唿,463687
F9ded,㩙,463687
F97a3,䮶,103804
F90d1,𨱵,103804
F925e,𣾴,103804
F9a7b,Ⓧ,103804
Ffcb8,Ⓧ,103804
F914a,顡,103804
F8478,䒫,103804
F9e42,Ⓧ,103804
Ffd71,Ⓧ,103804
Ffce6,仛,103804
F957c,Ⓧ,103804
Ffcfe,㩋,103804
F91df,飃,103804
Fa0f7,Ⓧ,103804
F9dd7,Ⓧ,103804
F95a2,Ⓧ,103804
F95b7,Ⓧ,103804
Ffc69,Ⓧ,103804
Ffde1,Ⓧ,103804
F9ba3,鵮,103804
F8fc3,Ⓧ,103804
F95d2,Ⓧ,103804
F98d3,䛩,103804
F9d76,啇,103804
F97f1,Ⓧ,103804
F91ea,Ⓧ,103804
F834f,篐,103804
F9966,Ⓧ,103804
F9db8,Ⓧ,103804
F955a,𡃖,103804
F9b78,㤅,103804
Ffb63,瘂,103804
F8fea,𨆉,103804
F8366,䚩,103804
Ffbf4,Ⓧ,103804
F9c57,Ⓧ,103804
F86f3,Ⓧ,103804
F91c2,Ⓧ,103804
F8e78,Ⓧ,103804
F9760,Ⓧ,103804
F8668,Ⓧ,103804
F9abb,Ⓧ,103804
F905a,Ⓧ,103804
F9c5f,㗅,103804
Ffab8,𢼌,908526
F857a,Ⓧ,908526
Fa040,叙,908526
F9aa8,Ⓧ,908526
F9b6f,Ⓧ,908526
F836b,Ⓧ,908526
F975d,Ⓧ,908526
F8656,Ⓧ,908526
F8e6c,攋,908526
F86e1,𢱫,908526
F9463,胟,908526
F8fde,𨃟,168578
F9a56,Ⓧ,168578
F81c4,Ⓧ,168578
F8ed3,鋜,168578
F96bd,衺,168578
F966e,Ⓧ,168578
F94f3,Ⓧ,168578
Ffca8,Ⓧ,168578
Ffcb1,Ⓧ,168578
F8e69,Ⓧ,168578
F96a4,鞓,168578
Ffce9,Ⓧ,168578
F995e,瑠,168578
F9d5b,垧,168578
Ffea3,拁,168578
F98c7,Ⓧ,168578
F97b3,Ⓧ,168578
F97db,Ⓧ,168578
F8e6a,攅,168578
F90e5,𩑾,168578
F8e56,㩙,168578
F91d7,Ⓧ,168578
F84ae,樷,168578
F814b,叁,908526
Ffc6d,䱵,908526
F82bc,𣚎,908526
F85d4,讁,908526
F9d7d,䚆,908526
Fa053,Ⓧ,908526
F9577,豴,908526
F90e4,𢳾,908526
F9de5,Ⓧ,908526
F97e2,䜍,908526
F9272,𥉜,908526
F8542,Ⓧ,168578
F9968,Ⓧ,168578
F9e64,Ⓧ,168578
F83f8,Ⓧ,168578
F96fd,Ⓧ,168578
F9bef,Ⓧ,168578
F8346,Ⓧ,168578
F9f42,㛛,168578
F9247,Ⓧ,168578
F90ce,䝟,168578
F91dd,Ⓧ,168578
F96e1,䀇,168578
Fa0c5,厽,168578
F937e,𤹝,168578
F84e9,礢,168578
F82d2,垎,168578
F91cd,龎,168578
F8ff5,Ⓧ,168578
Ffb5b,囒,168578
F83cb,𡕒,168578
F96f2,Ⓧ,168578
F99d7,Ⓧ,168578
F9e7e,Ⓧ,168578
F82de,Ⓧ,168578
F90ee,Ⓧ,168578
F97c5,㝩,168578
F86b9,継,168578
Ffbb1,Ⓧ,168578
F98dd,Ⓧ,168578
F9fca,𥻘,168578
F966b,Ⓧ,168578
F905f,Ⓧ,168578
Ffebc,Ⓧ,168578
Ffbb9,稩,168578
F9640,Ⓧ,168578
F97ad,Ⓧ,168578
F8276,Ⓧ,168578
F84aa,Ⓧ,168578
F97ec,Ⓧ,168578
F9b79,竸,168578
Ffd6d,㒆,168578
F92a6,惽,168578
F8160,饂,168578
F8fed,Ⓧ,168578
Ffae4,𤷍,168578
Ffcd1,Ⓧ,168578
F90ce,䝟,168578
F824e,𪎶,168578
F97d6,鮷,168578
F8f48,慽,168578
F9141,臁,168578
F9ee6,Ⓧ,168578
F93f1,軰,168578
F827d,㘃,168578
F9f79,Ⓧ,168578
Ffe7b,Ⓧ,168578
F9ce7,咏,168578
Ffa7c,Ⓧ,168578
F9bfa,运,168578
F9f59,Ⓧ,168578
F86b4,㤻,168578
Ffef7,Ⓧ,168578
F815b,Ⓧ,168578
F954b,𩶅,168578
F9748,篅,168578
Ffe42,Ⓧ,168578
F8453,Ⓧ,168578
F98f2,Ⓧ,168578
F81b8,㝞,168578
Ffe6d,Ⓧ,168578
F9e79,Ⓧ,168578
F95e3,叚,168578
Fa041,Ⓧ,168578
Ffe7d,Ⓧ,168578
F8460,𣸄,168578
F9de1,Ⓧ,168578
Ffabd,Ⓧ,168578
F8369,Ⓧ,168578
Ffc7a,𦯐,168578
Ffed5,Ⓧ,168578
F8f78,鞴,168578
F904c,𧌄,168578
F9d6f,𨎩,168578
Ffceb,㐾,168578
F98af,Ⓧ,168578
F9f49,簵,168578
F9a45,劵,168578
F9ee1,㫼,168578
Ffcb3,䩷,168578
F9bf9,鐝,168578
F86b4,㤻,168578
Ffcb9,㧈,168578
F83e7,𢾧,168578
F8e77,𢺞,168578
Ffd54,㾓,168578
F91a9,胿,168578
F95be,嘅,168578
F90e0,㳨,168578
F98bb,娝,168578
F9452,𣥼,168578
F9d68,Ⓧ,168578
F8552,Ⓧ,168578
Ffbba,Ⓧ,168578
F9d6c,㤇,168578
Fa0e1,㩃,168578
Fa050,Ⓧ,168578
F9c6b,㹴,168578
F96d1,凟,168578
F9b40,餁,89757
F90c1,𩨑,89757
F9b44,𠯗,89757
Ffef3,䦟,89757
Ffe48,Ⓧ,89757
F8574,砈,89757
Ffdf9,笡,89757
F9e48,Ⓧ,89757
Ffdfe,Ⓧ,89757
F84b6,Ⓧ,89757
F865d,勆,89757
Ffe5b,䉄,89757
F9ac3,辤,89757
F8661,𡷟,89757
F857e,盋,89757
F8468,㯶,89757
F8eea,悋,89757
F9cb9,𠻞,89757
F924e,Ⓧ,89757
F835e,𡻚,926115
F9a59,榺,926115
F9448,堘,451769
Ffe57,𥰝,451769
F8774,㠊,451769
Ffac5,坂,451769
F9254,Ⓧ,451769
F99ab,虂,451769
F9265,𦉎,451769
F9249,媠,451769
F95cf,Ⓧ,451769
F855c,喅,451769
Fa06d,娿,451769
F84f9,Ⓧ,451769
F9bb1,㠄,451769
F81ee,㾽,451769
F96dd,乣,451769
F94fd,妬,451769
F817e,Ⓧ,451769
F97fc,Ⓧ,451769
Ffcb6,稖,451769
F81e2,㱽,451769
Ffcd0,蔴,451769
F85bb,𠌬,451769
Fa0d7,䒞,451769
F85c3,𢁕,451769
F96bb,Ⓧ,451769
F8fd4,蹃,451769
F84a5,Ⓧ,451769
F9cd7,劤,451769
F9e5e,Ⓧ,451769
Ffbc7,Ⓧ,451769
F9fcc,皡,451769
F9cce,况,451769
F9eb6,埛,451769
F9542,鼗,451769
F81dd,𤕷,451769
F95a4,Ⓧ,451769
Fa071,竵,451769
Ffd48,侾,451769
F8572,㧖,451769
Ffdc7,Ⓧ,451769
F8ea8,𧶱,451769
F8f5b,鼧,451769
Ffeb1,𢭪,345275
F8641,蓈,168578
F8ee8,Ⓧ,168578
F8efe,Ⓧ,168578
F9eb1,Ⓧ,168578
Fa0ea,㼧,168578
F8eb6,袴,168578
F9664,泪,168578
Ffdd2,䊵,168578
F9350,㨏,168578
F95a1,Ⓧ,168578
F9658,Ⓧ,168578
F8571,曵,168578
Ffac5,坂,278794
Ffbe3,藊,278794
F9651,Ⓧ,278794
F9cf0,𣽤,278794
Fa077,䜈,278794
Fa0cf,Ⓧ,278794
F9e71,軤,278794
F99df,漖,278794
F9fb5,鰃,278794
F9561,碸,278794
F82e8,䵔,278794
F90f9,槹,278794
Ffbad,𣛮,278794
F9f63,㗳,278794
F93f7,𪒰,278794
F8ec5,叕,278794
F86e6,刼,278794
Fa042,鞾,278794
F86ba,㥟,278794
F94f9,Ⓧ,278794
F9e71,軤,278794
F85f5,瘎,278794
F8ffc,Ⓧ,278794
Ffe71,𢪃,278794
F975a,鞺,278794
F94f2,𦋇,278794
F8573,阸,278794
F86f2,𡹪,278794
F9fb2,Ⓧ,278794
F8fa4,襃,278794
F98e8,槩,278794
F9472,𩛎,278794
F9e67,Ⓧ,278794
F9e7c,滙,278794
F9dcb,Ⓧ,278794
F9d4e,Ⓧ,278794
F9351,壠,278794
F995b,𩞆,278794
F99c9,堦,278794
Ffe4b,筯,278794
Ffc56,䘷,278794
F99cc,伃,278794
F99d1,Ⓧ,278794
F95de,Ⓧ,278794
F844c,𥍆,278794
Ffa5c,Ⓧ,278794
F974d,Ⓧ,278794
F86ec,𢲞,278794
F9a6c,㐬,278794
Ffcc7,笔,278794
F934d,坟,278794
F95bc,𠻥,278794
F84af,剏,278794
F9a7e,Ⓧ,767372
F9370,Ⓧ,767372
F9cdb,Ⓧ,278794
F82fb,讛,278794
F9dbf,Ⓧ,278794
F9e4a,Ⓧ,278794
F9ace,䂦,278794
F9f7a,䎤,278794
Ffeeb,Ⓧ,278794
F8749,𢓋,278794
F9559,飜,278794
F9e43,𧬪,278794
F9dbf,Ⓧ,278794
F874a,𩦢,278794
F855d,Ⓧ,278794
F9ac8,䶫,278794
F82eb,㖈,278794
F9351,壠,278794
F9e52,䚵,278794
F8e6b,𢸭,278794
F8fa4,襃,278794
F9850,Ⓧ,278794
F8150,Ⓧ,278794
F98d5,軇,278794
F9ef3,Ⓧ,278794
F8576,Ⓧ,278794
F8fa8,挷,278794
F9d66,訩,278794
F816c,Ⓧ,278794
F8164,粙,278794
F85d5,𦖋,278794
F94ac,䥤,278794
F9bfd,Ⓧ,278794
F8576,Ⓧ,278794
F9c47,㟖,278794
F8379,朞,278794
F8277,槖,278794
F84d3,㰳,278794
F90d8,Ⓧ,278794
F8ef0,𢛅,278794
Ffeba,𢭀,278794
F90f8,衇,278794
F8fe5,蹨,278794
F8eef,㥄,278794
F9fdf,𢲲,278794
F9aa1,䩯,278794
F9c47,㟖,278794
Ffeb0,㪛,278794
F8e7d,䝬,278794
F9fe1,𨀳,819641
F99fc,妌,819641
Ffd5f,㑳,819641
F966f,胆,819641
F9e6e,㧉,819641
F9e6d,Ⓧ,819641
F9a5c,Ⓧ,278794
F98f3,娰,819641
Ffa72,Ⓧ,278794
Ffaa9,Ⓧ,819641
F9fab,Ⓧ,819641
F9171,𤸸,819641
F9fd3,戞,819641
Ffad5,俹,819641
F98a1,糵,819641
F9274,釄,819641
F9dd2,葘,819641
Ffa74,Ⓧ,819641
F874b,䒜,278794
F85ae,𦏆,819641
F83c3,Ⓧ,819641
F9afa,髥,819641
F98f9,㹂,819641
F8362,矅,278794
F904f,䗂,819641
F904a,Ⓧ,278794
F9cc1,Ⓧ,819641
F814c,儛,278794
F9171,𤸸,819641
F9cbb,軲,819641
F9c75,Ⓧ,819641
F93e8,Ⓧ,278794
F9a57,Ⓧ,819641
Ffda2,儖,278794
Ffc66,Ⓧ,819641
Ffeba,𢭀,278794
F98ab,Ⓧ,819641
F9179,Ⓧ,278794
Ffa79,㔊,819641
F8f6e,瓈,819641
Ffdbb,Ⓧ,278794
F94a1,Ⓧ,819641
F9fbb,Ⓧ,819641
F9a47,Ⓧ,819641
Ffdbb,Ⓧ,278794
F98fb,Ⓧ,819641
F84af,剏,278794
Fa0e2,㼜,819641
F937a,Ⓧ,819641
Fa0a2,Ⓧ,278794
F9aa5,檝,819641
F9e41,Ⓧ,819641
F937c,𠏆,819641
F83e8,Ⓧ,278794
F874d,Ⓧ,819641
F90ac,𩰬,819641
F9ad7,Ⓧ,819641
F82f5,橜,819641
F9ac1,甆,819641
F83fb,㣬,819641
F8e58,擓,819641
F9ff6,耼,819641
F9565,Ⓧ,819641
F91eb,箆,819641
F996d,Ⓧ,819641
Ffd76,儎,819641
F9d51,Ⓧ,819641
F9ba7,Ⓧ,819641
Ffe56,簈,819641
Ffeb7,𢬳,819641
F9367,𠿓,278794
F9b4b,Ⓧ,819641
F9749,𤉙,819641
F9159,疨,819641
F9fa4,隖,819641
F966d,Ⓧ,819641
F826b,Ⓧ,819641
F96f1,敠,819641
F915f,㾠,819641
F9d51,Ⓧ,819641
F95de,Ⓧ,278794
Fa0ae,Ⓧ,819641
Ffb51,Ⓧ,819641
F9a42,Ⓧ,819641
F91de,矴,278794
F9541,䭾,819641
F9941,㾐,819641
F9ed8,𥂖,819641
Ffbdc,Ⓧ,819641
F9958,Ⓧ,819641
Ffcc9,謭,819641
Ffaeb,㨖,819641
F8ea5,賍,278794
F8359,𣁳,278794
F91f1,㷮,278794
F91bb,䤴,278794
F9fbb,Ⓧ,278794
F9efa,𤺪,278794
F90f8,衇,278794
F83c4,嬹,278794
Ffc66,Ⓧ,278794
F91be,礮,278794
F846d,贜,278794
F8172,Ⓧ,278794
F984e,髗,278794
Fa05f,Ⓧ,278794
Ffa68,Ⓧ,278794
F9bf8,Ⓧ,278794
F9ece,Ⓧ,134054
F9ab0,Ⓧ,134054
Ffbbf,Ⓧ,134054
F9c66,罁,134054
F82d8,Ⓧ,134054
F9e64,Ⓧ,505025
Ffab6,㧳,134054
Ffdcf,鱲,134054
F99b9,檵,505025
F956f,覄,134054
Ffe5a,Ⓧ,134054
F9bb5,Ⓧ,134054
F82e5,𣪘,505025
Ffacf,䫀,134054
F9cd0,Ⓧ,134054
F83be,Ⓧ,134054
F8fb1,Ⓧ,134054
F9ece,Ⓧ,134054
Ffb6a,Ⓧ,134054
Ffe5a,Ⓧ,134054
F815e,Ⓧ,134054
F907d,Ⓧ,134054
F995c,熘,134054
F99fe,Ⓧ,134054
Ffe5c,欮,134054
Fa05d,蠚,134054
F8644,𦍒,134054
F98b2,抝,134054
Ffbbb,桳,134054
F876b,𧬱,134054
F955f,Ⓧ,134054
Ffde7,𦃘,134054
F9cb3,觵,505025
F9e49,Ⓧ,505025
F9e49,Ⓧ,505025
F9cb3,觵,505025
Ffbe8,稾,505025
F9eb8,Ⓧ,505025
F9e4d,Ⓧ,505025
F82ba,𧊝,505025
F86dd,Ⓧ,505025
F86a8,霛,505025
F9fc9,㡓,505025
F9fea,翺,505025
F82f9,𥠳,505025
F8565,Ⓧ,839719
Fa0ac,Ⓧ,839719
F8358,礚,367766
F9777,Ⓧ,367766
F81db,𠡒,367766
F8746,Ⓧ,367766
F9772,Ⓧ,367766
F9075,Ⓧ,367766
F8f77,Ⓧ,367766
F9c4f,Ⓧ,367766
F994d,䃰,367766
F97d1,鰧,367766
F83e9,歬,367766
Ffcc6,㴷,367766
Ffcb7,Ⓧ,367766
F9448,堘,228733
F93e5,Ⓧ,228733
F9ec5,Ⓧ,228733
F9064,𤞚,228733
F9afc,𢔳,228733
F954a,𠷂,228733
Fa058,貇,153197
F95d3,䣠,153197
F8170,㾍,153197
F9ec9,Ⓧ,153197
F81e3,𣒷,153197
Ffdb1,鮾,153197
F86bf,Ⓧ,153197
Ffba7,Ⓧ,153197
F8750,詽,153197
F9144,頟,153197
F84e0,Ⓧ,153197
F99f0,Ⓧ,153197
F9075,Ⓧ,153197
F8e59,𢶓,153197
F977b,Ⓧ,153197
F8679,澟,153197
F95a5,Ⓧ,153197
F9741,䭔,153197
F9ad9,Ⓧ,153197
Fa050,Ⓧ,153197
Ffb5b,囒,153197
Fa074,Ⓧ,153197
F8e4b,Ⓧ,153197
F82a3,Ⓧ,153197
F9c43,Ⓧ,153197
F85d0,𢷷,153197
F99eb,Ⓧ,153197
F9452,𣥼,373312
F9c72,Ⓧ,377480
F9c4f,Ⓧ,377480
Ffc50,Ⓧ,377480
F874b,䒜,377480
F9ccf,冣,377480
F9957,贃,377480
F83a9,Ⓧ,377480
F997b,Ⓧ,377480
F96c5,蓚,377480
Ffefe,摖,377480
F83b4,Ⓧ,377480
Fa046,Ⓧ,377480
F94d3,䊩,377480
Ffbe2,揢,377480
F9749,𤉙,377480
F9dad,䰰,377480
F86a8,霛,377480
Ffab6,㧳,377480
Fa046,Ⓧ,377480
F9455,Ⓧ,377480
F9875,𦼸,377480
Ffcfb,𠣫,377480
F847c,𤈨,377480
F8648,㒟,377480
F8ee3,Ⓧ,377480
F81bd,弎,377480
F8568,敍,377480
F9f62,Ⓧ,377480
F86fd,Ⓧ,377480
F9a50,Ⓧ,377480
Fa073,Ⓧ,377480
F9942,凓,377480
F9ca6,鱥,377480
F9d67,歘,377480
F9af8,蹱,377480
Ffab6,㧳,377480
F9dd2,葘,377480
F95a8,Ⓧ,377480
F8265,Ⓧ,377480
F94bc,㶿,377480
F85ee,𠈸,377480
F95f2,Ⓧ,377480
F91e6,Ⓧ,377480
F95dd,竪,377480
F96ad,𩰚,377480
F9cbb,軲,377480
F954d,歺,377480
F955e,髴,377480
F9be3,Ⓧ,377480
F8259,Ⓧ,377480
F944c,Ⓧ,380733
F8665,Ⓧ,380733
F97a7,𨋐,564752
F985f,𪀦,564752
F95ed,攊,564752
F906b,𠜣,564752
F9aa9,Ⓧ,564752
F8274,䕼,564752
Ffb45,Ⓧ,564752
F97cb,䖙,330397
F9fa1,Ⓧ,134054
F94a3,廍,134054
Ffaf2,𦒐,224104
F946f,㑻,224104
F8279,𦗳,224104
